numberOfAgents,numberOfCallsPerDay,averageHandleTimeSec,estimatedDurationDays,slaTargetSeconds,risksScore,callTypes,dependencies,CSAT,FCR,estimatedBudgetTND
5,80,600,30,120,0.40,"Sales","None",3.6,0.40,17280.00
6,150,520,40,110,0.35,"Sales","None",3.7,0.45,34560.00
7,190,500,55,100,0.33,"Sales","None",3.8,0.48,46080.00
8,220,480,45,90,0.28,"Sales;Support","CRM",3.9,0.50,41472.00
9,260,450,50,95,0.27,"Support","Training",3.9,0.52,55296.00
10,300,420,60,90,0.30,"Support","CRM",3.8,0.55,63360.00
11,340,345,70,82,0.24,"Support","CRM;Training",3.9,0.58,100800.00
12,450,330,75,80,0.22,"Support","CRM;Training",4.0,0.60,99360.00
14,520,380,80,85,0.25,"Support;Sales","CRM",4.0,0.60,145152.00
15,600,350,95,70,0.20,"Support;Tech","CTI;Training",4.1,0.63,120960.00
16,700,370,88,72,0.19,"Support","CRM;Training",4.0,0.64,165888.00
18,900,360,120,75,0.18,"Support","CRM;IVR",4.0,0.65,82944.00
20,1000,335,105,68,0.14,"Support;Sales","CRM;IVR",4.1,0.67,184320.00
22,1100,340,100,65,0.15,"Support","CRM;IVR",4.0,0.66,158400.00
25,1200,320,90,60,0.12,"Support;Sales","CRM;IVR",4.1,0.68,129600.00
28,1400,310,110,58,0.11,"Support","CRM;IVR",4.2,0.70,241920.00
30,2000,290,140,55,0.09,"Support;Sales","CRM;WFM",4.2,0.72,259200.00
32,2100,295,160,52,0.09,"Support;Tech","WFM;CTI",4.4,0.73,276480.00
35,1800,300,150,50,0.10,"Support;Tech","WFM;CTI",4.3,0.70,302400.00
40,2500,280,180,45,0.08,"Support;Tech","CRM;WFM;CTI",4.5,0.75,345600.00
42,2600,270,190,48,0.08,"Support;Sales","CRM;AI;WFM",4.5,0.77,483840.00
45,2800,250,200,35,0.06,"Support;Sales;Tech","CRM;AI;WFM",4.6,0.79,691200.00
50,3200,260,210,40,0.07,"Support;Sales","CRM;AI;WFM",4.5,0.78,460800.00
55,3600,230,300,32,0.04,"Support;Tech","CRM;AI;CTI;WFM",4.7,0.82,1036800.00
60,4000,240,365,30,0.05,"Support;Sales;Tech","CRM;WFM;AI",4.6,0.80,1008000.00
3,50,700,20,130,0.45,"Sales","None",3.5,0.38,17280.00
4,60,700,20,130,0.45,"Sales","None",3.5,0.38,17280.00
2,40,650,15,140,0.50,"Sales","None",3.4,0.36,11520.00
13,480,360,85,78,0.21,"Support","CRM;Training",4.0,0.62,138240.00
17,820,340,110,70,0.17,"Support;Sales","CRM;IVR",4.1,0.66,207360.00
19,950,310,130,66,0.16,"Support;Sales","CRM;IVR",4.2,0.69,241920.00
21,1050,325,115,67,0.13,"Support","CRM;IVR",4.1,0.65,199584.00
24,1250,305,95,62,0.12,"Support;Sales","CRM;IVR",4.2,0.69,172800.00
26,1350,300,120,59,0.11,"Support;Tech","CRM;WFM",4.3,0.71,259200.00
27,1450,295,130,57,0.10,"Support;Sales","CRM;WFM",4.3,0.71,302400.00
29,1550,285,150,56,0.09,"Support;Sales","CRM;WFM",4.4,0.72,345600.00
31,1650,275,170,54,0.09,"Support;Tech","WFM;CTI",4.4,0.73,388800.00
33,1750,265,180,53,0.08,"Support;Sales","CRM;AI;WFM",4.5,0.74,432000.00
34,1850,260,185,51,0.08,"Support;Tech","CRM;AI;WFM",4.5,0.75,460800.00
36,1950,255,195,49,0.07,"Support;Sales","CRM;AI;WFM",4.5,0.76,499200.00
37,2050,250,205,47,0.07,"Support;Tech","CRM;AI;WFM",4.6,0.77,537600.00
38,2150,245,210,46,0.07,"Support;Sales;Tech","CRM;AI;WFM",4.6,0.78,576000.00
39,2250,240,220,44,0.06,"Support;Tech","CRM;AI;WFM",4.6,0.79,614400.00
41,2350,235,230,43,0.06,"Support;Sales","CRM;AI;WFM",4.6,0.79,652800.00
43,2450,230,240,41,0.05,"Support;Tech","CRM;AI;WFM",4.7,0.80,691200.00
44,2550,225,250,39,0.05,"Support;Sales;Tech","CRM;AI;WFM",4.7,0.81,729600.00
46,2650,220,260,37,0.05,"Support;Tech","CRM;AI;WFM",4.7,0.82,768000.00
47,2750,215,270,36,0.05,"Support;Sales","CRM;AI;WFM",4.7,0.82,806400.00
48,2850,210,280,34,0.04,"Support;Tech","CRM;AI;WFM",4.8,0.83,844800.00
49,2950,205,290,33,0.04,"Support;Sales;Tech","CRM;AI;WFM",4.8,0.84,883200.00
51,3050,200,300,31,0.04,"Support;Tech","CRM;AI;WFM",4.8,0.84,921600.00
52,3150,198,310,30,0.04,"Support;Sales","CRM;AI;WFM",4.8,0.85,960000.00
53,3250,196,320,30,0.04,"Support;Tech","CRM;AI;WFM",4.8,0.85,998400.00
54,3350,194,330,30,0.04,"Support;Sales;Tech","CRM;AI;WFM",4.8,0.85,1036800.00
56,3450,192,340,30,0.04,"Support;Tech","CRM;AI;WFM",4.8,0.85,1075200.00
57,3550,190,350,30,0.04,"Support;Sales","CRM;AI;WFM",4.8,0.85,1113600.00
58,3650,188,360,30,0.04,"Support;Tech","CRM;AI;WFM",4.8,0.85,1152000.00
59,3750,186,365,30,0.04,"Support;Sales;Tech","CRM;AI;WFM",4.8,0.85,1180800.00
61,3850,184,365,30,0.03,"Support;Tech","CRM;AI;WFM",4.8,0.85,1219200.00
62,3950,182,365,30,0.03,"Support;Sales","CRM;AI;WFM",4.8,0.85,1257600.00
63,4050,180,365,30,0.03,"Support;Sales;Tech","CRM;AI;WFM",4.8,0.85,1296000.00
1,30,800,15,150,0.50,"Sales","None",3.4,0.35,8640.00
2,45,720,18,145,0.48,"Sales","None",3.5,0.36,11520.00
3,55,680,22,140,0.46,"Sales","None",3.5,0.37,17280.00
4,75,640,28,135,0.42,"Sales;Support","None",3.6,0.42,23040.00
5,95,600,35,130,0.38,"Support;Sales","None",3.7,0.44,34560.00
6,120,560,45,125,0.34,"Support","CRM",3.8,0.50,46080.00
7,140,520,50,120,0.32,"Support","CRM",3.9,0.52,57600.00
8,160,500,60,115,0.30,"Support;Sales","CRM;IVR",4.0,0.55,69120.00
9,180,480,70,110,0.28,"Support;Tech","CRM;IVR",4.0,0.56,80640.00
10,200,460,80,105,0.26,"Support;Sales","CRM;IVR",4.1,0.58,92160.00
11,220,440,90,100,0.24,"Support;Tech","CRM;WFM",4.1,0.60,103680.00
12,240,420,100,95,0.22,"Support;Sales","CRM;WFM",4.2,0.62,115200.00
13,260,400,110,90,0.20,"Support;Tech","CRM;WFM",4.2,0.64,126720.00
14,280,380,120,88,0.19,"Support;Sales","CRM;WFM",4.3,0.66,138240.00
15,300,360,130,85,0.18,"Support;Tech","CRM;AI",4.3,0.67,149760.00
16,320,340,140,82,0.17,"Support;Sales","CRM;AI",4.4,0.68,161280.00
17,340,320,150,80,0.16,"Support;Tech","CRM;AI",4.4,0.69,172800.00
18,360,300,160,78,0.15,"Support;Sales","CRM;AI",4.4,0.70,184320.00
19,380,290,170,76,0.14,"Support;Tech","CRM;AI",4.5,0.71,195840.00
20,400,280,180,74,0.13,"Support;Sales","CRM;AI",4.5,0.72,207360.00
21,420,270,190,72,0.12,"Support;Tech","CRM;AI",4.5,0.73,218880.00
22,440,260,200,70,0.11,"Support;Sales","CRM;AI",4.6,0.74,230400.00
23,460,250,210,68,0.10,"Support;Tech","CRM;AI",4.6,0.75,241920.00
24,480,240,220,66,0.10,"Support;Sales","CRM;AI",4.6,0.76,253440.00
25,500,230,230,64,0.09,"Support;Tech","CRM;AI",4.7,0.77,264960.00
26,520,220,240,62,0.09,"Support;Sales","CRM;AI",4.7,0.78,276480.00
27,540,210,250,60,0.08,"Support;Tech","CRM;AI",4.7,0.79,288000.00
28,560,200,260,58,0.08,"Support;Sales","CRM;AI",4.7,0.80,299520.00
29,580,195,270,56,0.07,"Support;Tech","CRM;AI",4.7,0.81,311040.00
30,600,190,280,55,0.07,"Support;Sales","CRM;AI",4.8,0.82,322560.00
31,620,185,290,54,0.06,"Support;Tech","CRM;AI",4.8,0.83,334080.00
32,640,180,300,53,0.06,"Support;Sales","CRM;AI",4.8,0.84,345600.00
33,660,178,310,52,0.06,"Support;Tech","CRM;AI",4.8,0.84,357120.00
34,680,176,320,51,0.05,"Support;Sales","CRM;AI",4.8,0.85,368640.00
35,700,174,330,50,0.05,"Support;Tech","CRM;AI",4.8,0.85,380160.00
36,720,172,340,49,0.05,"Support;Sales","CRM;AI",4.8,0.85,391680.00
37,740,170,350,48,0.05,"Support;Tech","CRM;AI",4.8,0.85,403200.00
38,760,168,360,47,0.05,"Support;Sales","CRM;AI",4.8,0.85,414720.00
39,780,166,365,46,0.05,"Support;Tech","CRM;AI",4.8,0.85,423360.00
40,800,165,365,45,0.05,"Support;Sales;Tech","CRM;AI",4.8,0.85,432000.00
4,70,610,25,125,0.42,"Sales","None",3.5,0.39,16560.00
5,85,590,28,120,0.40,"Sales","None",3.6,0.41,18720.00
6,110,560,35,115,0.36,"Sales;Support","None",3.7,0.44,34560.00
7,130,540,40,110,0.34,"Support","CRM",3.8,0.46,40320.00
8,160,520,50,105,0.31,"Support;Sales","CRM",3.9,0.49,46080.00
9,200,500,60,100,0.29,"Support","Training",4.0,0.51,51840.00
10,240,480,70,95,0.27,"Support;Tech","CRM;Training",4.0,0.54,57600.00
12,300,460,80,90,0.25,"Support;Tech","CRM;IVR",4.1,0.56,69120.00
14,360,440,90,85,0.23,"Support;Sales","CRM;WFM",4.1,0.58,82944.00
16,420,420,100,80,0.21,"Support;Tech","CRM;AI",4.2,0.60,96768.00
18,480,400,110,78,0.20,"Support;Sales","CRM;AI",4.2,0.62,110592.00
20,540,380,120,75,0.19,"Support;Tech","CRM;AI;WFM",4.3,0.64,124416.00
22,600,360,130,72,0.18,"Support;Sales;Tech","CRM;AI;WFM",4.3,0.66,138240.00
24,660,340,140,70,0.17,"Support","CRM;WFM",4.3,0.67,152064.00
26,720,320,150,68,0.16,"Support;Sales","CRM;WFM",4.4,0.69,165888.00
28,780,300,160,66,0.15,"Support;Tech","WFM;CTI",4.4,0.70,179712.00
30,840,290,170,64,0.14,"Support;Sales","CRM;AI;WFM",4.5,0.71,193536.00
32,900,280,180,62,0.13,"Support;Tech","CRM;AI;CTI",4.5,0.72,207360.00
34,960,270,190,60,0.12,"Support;Sales;Tech","CRM;AI;CTI;WFM",4.6,0.73,221184.00
36,1020,260,200,58,0.11,"Support;Tech","CRM;AI;WFM",4.6,0.74,235008.00
3,45,720,18,140,0.48,"Sales","None",3.4,0.36,10368.00
4,60,700,22,135,0.45,"Sales;Support","None",3.5,0.38,13824.00
5,75,680,26,130,0.42,"Support","None",3.6,0.40,17280.00
6,90,660,30,125,0.39,"Support;Sales","CRM",3.7,0.43,20736.00
7,105,640,34,120,0.36,"Support;Tech","CRM",3.8,0.45,24192.00
8,120,620,38,115,0.34,"Support;Sales","CRM;IVR",3.9,0.47,27648.00
9,135,600,42,110,0.32,"Support;Tech","CRM;Training",4.0,0.49,31104.00
10,150,580,46,105,0.30,"Support;Sales","CRM;WFM",4.0,0.51,34560.00
11,165,560,50,100,0.29,"Support;Tech","CRM;AI",4.1,0.53,38016.00
12,180,540,54,98,0.28,"Support;Sales;Tech","CRM;AI",4.1,0.54,41472.00
13,195,520,58,96,0.27,"Support","CRM;AI;WFM",4.2,0.56,44928.00
14,210,500,62,94,0.26,"Support;Sales","CRM;AI;WFM",4.2,0.57,48384.00
15,225,480,66,92,0.25,"Support;Tech","WFM;CTI",4.2,0.58,51840.00
16,240,460,70,90,0.24,"Support;Sales","CRM;IVR",4.3,0.59,55296.00
17,255,440,74,88,0.23,"Support;Tech","CRM;Training",4.3,0.60,58752.00
18,270,420,78,86,0.22,"Support;Sales;Tech","CRM;AI",4.4,0.61,62208.00
19,285,400,82,84,0.21,"Support","CRM;AI;WFM",4.4,0.62,65664.00
20,300,380,86,82,0.20,"Support;Sales","CRM;AI;WFM",4.4,0.63,69120.00
21,315,360,90,80,0.19,"Support;Tech","CRM;AI;CTI",4.5,0.64,72576.00
22,330,340,94,78,0.18,"Support;Sales;Tech","CRM;AI;CTI;WFM",4.5,0.65,76032.00
23,345,320,98,76,0.17,"Support","CRM;AI;WFM",4.5,0.66,79488.00
24,360,300,102,74,0.16,"Support;Tech","CRM;AI;WFM",4.6,0.67,82944.00
25,375,290,106,72,0.15,"Support;Sales","CRM;AI;WFM",4.6,0.68,86400.00
26,390,280,110,70,0.14,"Support;Tech","CRM;AI;WFM",4.6,0.69,89856.00
27,405,270,114,68,0.13,"Support;Sales;Tech","CRM;AI;WFM",4.7,0.70,93312.00
28,420,260,118,66,0.12,"Support;Tech","CRM;AI;WFM",4.7,0.71,96768.00
29,435,250,122,64,0.11,"Support;Sales","CRM;AI;WFM",4.7,0.72,100224.00
30,450,240,126,62,0.10,"Support;Tech","CRM;AI;WFM",4.8,0.73,103680.00
2,35,820,12,155,0.52,"Sales","None",3.3,0.34,6912.00
3,50,780,16,150,0.48,"Sales;Support","None",3.4,0.36,11520.00
4,65,740,20,145,0.44,"Support","None",3.5,0.38,15360.00
5,80,700,24,140,0.40,"Support;Sales","None",3.6,0.40,19200.00
6,95,660,28,135,0.37,"Support;Tech","CRM",3.7,0.42,23040.00
7,110,620,32,130,0.35,"Support;Sales","CRM",3.8,0.44,26880.00
8,125,580,36,125,0.33,"Support;Tech","CRM;IVR",3.9,0.46,30720.00
9,140,540,40,120,0.31,"Support;Sales;Tech","CRM;Training",4.0,0.48,34560.00
10,155,500,44,115,0.30,"Support;Tech","CRM;WFM",4.0,0.50,38400.00
11,170,470,48,110,0.29,"Support;Sales","CRM;AI",4.1,0.52,42240.00
12,185,450,52,108,0.28,"Support;Tech","CRM;AI",4.1,0.53,46080.00
13,200,430,56,106,0.27,"Support;Sales;Tech","CRM;AI;WFM",4.2,0.54,49920.00
14,215,410,60,104,0.26,"Support;Tech","CRM;AI;WFM",4.2,0.55,53760.00
15,230,390,64,102,0.25,"Support;Sales","CRM;AI;WFM",4.3,0.56,57600.00
16,245,370,68,100,0.24,"Support;Tech","WFM;CTI",4.3,0.57,61440.00
17,260,350,72,98,0.23,"Support;Sales;Tech","CRM;IVR",4.3,0.58,65280.00
18,275,330,76,96,0.22,"Support;Tech","CRM;Training",4.4,0.59,69120.00
19,290,310,80,94,0.21,"Support;Sales","CRM;AI",4.4,0.60,72960.00
20,305,295,84,92,0.20,"Support;Tech","CRM;AI;WFM",4.4,0.61,76800.00
21,320,285,88,90,0.19,"Support;Sales;Tech","CRM;AI;WFM",4.5,0.62,80640.00
22,335,275,92,88,0.18,"Support;Tech","CRM;AI;WFM",4.5,0.63,84480.00
23,350,265,96,86,0.17,"Support;Sales","CRM;AI;WFM",4.5,0.64,88320.00
24,365,255,100,84,0.16,"Support;Tech","CRM;AI;WFM",4.6,0.65,92160.00
25,380,245,104,82,0.15,"Support;Sales;Tech","CRM;AI;WFM",4.6,0.66,96000.00
26,395,235,108,80,0.14,"Support;Tech","CRM;AI;WFM",4.6,0.67,99840.00
27,410,225,112,78,0.13,"Support;Sales","CRM;AI;WFM",4.7,0.68,103680.00
28,425,215,116,76,0.12,"Support;Tech","CRM;AI;WFM",4.7,0.69,107520.00
29,440,205,120,74,0.11,"Support;Sales;Tech","CRM;AI;WFM",4.7,0.70,111360.00
30,455,195,124,72,0.10,"Support;Tech","CRM;AI;WFM",4.8,0.71,115200.00
31,470,190,128,70,0.10,"Support;Sales","CRM;AI;WFM",4.8,0.72,119040.00
32,485,185,132,68,0.09,"Support;Tech","CRM;AI;WFM",4.8,0.73,122880.00
33,500,180,136,66,0.09,"Support;Sales;Tech","CRM;AI;WFM",4.8,0.74,126720.00
34,515,175,140,64,0.08,"Support;Tech","CRM;AI;WFM",4.9,0.75,130560.00
35,530,170,144,62,0.08,"Support;Sales","CRM;AI;WFM",4.9,0.76,134400.00
36,545,165,148,60,0.07,"Support;Tech","CRM;AI;WFM",4.9,0.77,138240.00
37,560,160,152,58,0.07,"Support;Sales;Tech","CRM;AI;WFM",4.9,0.78,142080.00
38,575,155,156,56,0.06,"Support;Tech","CRM;AI;WFM",5.0,0.79,145920.00
39,590,150,160,54,0.06,"Support;Sales","CRM;AI;WFM",5.0,0.80,149760.00
40,605,148,164,53,0.06,"Support;Tech","CRM;AI;WFM",5.0,0.81,153600.00
41,620,146,168,52,0.05,"Support;Sales;Tech","CRM;AI;WFM",5.0,0.82,157440.00
42,635,144,172,51,0.05,"Support;Tech","CRM;AI;WFM",5.0,0.83,161280.00
43,650,142,176,50,0.05,"Support;Sales","CRM;AI;WFM",5.0,0.84,165120.00
44,665,140,180,49,0.05,"Support;Tech","CRM;AI;WFM",5.0,0.85,168960.00
45,680,138,184,48,0.04,"Support;Sales;Tech","CRM;AI;WFM",5.0,0.86,172800.00
46,695,136,188,47,0.04,"Support;Tech","CRM;AI;WFM",5.0,0.87,176640.00
47,710,134,192,46,0.04,"Support;Sales","CRM;AI;WFM",5.0,0.88,180480.00
48,725,132,196,45,0.04,"Support;Tech","CRM;AI;WFM",5.0,0.89,184320.00
49,740,130,200,44,0.03,"Support;Sales;Tech","CRM;AI;WFM",5.0,0.90,188160.00
50,755,128,204,43,0.03,"Support;Tech","CRM;AI;WFM",5.0,0.91,192000.00
51,770,126,208,42,0.03,"Support;Sales","CRM;AI;WFM",5.0,0.92,195840.00
52,785,124,212,41,0.03,"Support;Tech","CRM;AI;WFM",5.0,0.93,199680.00
53,800,122,216,40,0.03,"Support;Sales;Tech","CRM;AI;WFM",5.0,0.94,203520.00
54,815,120,220,39,0.02,"Support;Tech","CRM;AI;WFM",5.0,0.95,207360.00
55,830,118,224,38,0.02,"Support;Sales","CRM;AI;WFM",5.0,0.96,211200.00
56,845,116,228,37,0.02,"Support;Tech","CRM;AI;WFM",5.0,0.97,215040.00
57,860,114,232,36,0.02,"Support;Sales;Tech","CRM;AI;WFM",5.0,0.98,218880.00
58,875,112,236,35,0.02,"Support;Tech","CRM;AI;WFM",5.0,0.99,222720.00
59,890,110,240,34,0.02,"Support;Sales","CRM;AI;WFM",5.0,1.00,226560.00
60,905,108,244,33,0.02,"Support;Tech","CRM;AI;WFM",5.0,1.00,230400.00
61,920,106,248,32,0.02,"Support;Sales;Tech","CRM;AI;WFM",5.0,1.00,234240.00
62,935,104,252,31,0.02,"Support;Tech","CRM;AI;WFM",5.0,1.00,238080.00
63,950,102,256,30,0.02,"Support;Sales","CRM;AI;WFM",5.0,1.00,241920.00
64,965,100,260,30,0.02,"Support;Tech","CRM;AI;WFM",5.0,1.00,245760.00
65,980,98,264,30,0.02,"Support;Sales;Tech","CRM;AI;WFM",5.0,1.00,249600.00
66,995,96,268,30,0.02,"Support;Tech","CRM;AI;WFM",5.0,1.00,253440.00
67,1010,94,272,30,0.02,"Support;Sales","CRM;AI;WFM",5.0,1.00,257280.00
68,1025,92,276,30,0.02,"Support;Tech","CRM;AI;WFM",5.0,1.00,261120.00
69,1040,90,280,30,0.02,"Support;Sales;Tech","CRM;AI;WFM",5.0,1.00,264960.00
70,1055,88,284,30,0.02,"Support;Tech","CRM;AI;WFM",5.0,1.00,268800.00
71,1070,86,288,30,0.02,"Support;Sales","CRM;AI;WFM",5.0,1.00,272640.00
72,1085,84,292,30,0.02,"Support;Tech","CRM;AI;WFM",5.0,1.00,276480.00
73,1100,82,296,30,0.02,"Support;Sales;Tech","CRM;AI;WFM",5.0,1.00,280320.00
74,1115,80,300,30,0.02,"Support;Tech","CRM;AI;WFM",5.0,1.00,284160.00
75,1130,78,304,30,0.02,"Support;Sales","CRM;AI;WFM",5.0,1.00,288000.00
76,1145,76,308,30,0.02,"Support;Tech","CRM;AI;WFM",5.0,1.00,291840.00
77,1160,74,312,30,0.02,"Support;Sales;Tech","CRM;AI;WFM",5.0,1.00,295680.00
78,1175,72,316,30,0.02,"Support;Tech","CRM;AI;WFM",5.0,1.00,299520.00
79,1190,70,320,30,0.02,"Support;Sales","CRM;AI;WFM",5.0,1.00,303360.00
80,1205,68,324,30,0.02,"Support;Tech","CRM;AI;WFM",5.0,1.00,307200.00
81,1220,66,328,30,0.02,"Support;Sales;Tech","CRM;AI;WFM",5.0,1.00,311040.00
82,1235,64,332,30,0.02,"Support;Tech","CRM;AI;WFM",5.0,1.00,314880.00
83,1250,62,336,30,0.02,"Support;Sales","CRM;AI;WFM",5.0,1.00,318720.00
84,1265,60,340,30,0.02,"Support;Tech","CRM;AI;WFM",5.0,1.00,322560.00
85,1280,58,344,30,0.02,"Support;Sales;Tech","CRM;AI;WFM",5.0,1.00,326400.00
86,1295,56,348,30,0.02,"Support;Tech","CRM;AI;WFM",5.0,1.00,330240.00
87,1310,54,352,30,0.02,"Support;Sales","CRM;AI;WFM",5.0,1.00,334080.00
88,1325,52,356,30,0.02,"Support;Tech","CRM;AI;WFM",5.0,1.00,337920.00
89,1340,50,360,30,0.02,"Support;Sales;Tech","CRM;AI;WFM",5.0,1.00,341760.00
90,1355,48,364,30,0.02,"Support;Tech","CRM;AI;WFM",5.0,1.00,345600.00
91,1370,46,368,30,0.02,"Support;Sales","CRM;AI;WFM",5.0,1.00,349440.00
92,1385,44,372,30,0.02,"Support;Tech","CRM;AI;WFM",5.0,1.00,353280.00
93,1400,42,376,30,0.02,"Support;Sales;Tech","CRM;AI;WFM",5.0,1.00,357120.00
94,1415,40,380,30,0.02,"Support;Tech","CRM;AI;WFM",5.0,1.00,360960.00
95,1430,38,384,30,0.02,"Support;Sales","CRM;AI;WFM",5.0,1.00,364800.00
96,1445,36,388,30,0.02,"Support;Tech","CRM;AI;WFM",5.0,1.00,368640.00
97,1460,34,392,30,0.02,"Support;Sales;Tech","CRM;AI;WFM",5.0,1.00,372480.00
98,1475,32,396,30,0.02,"Support;Tech","CRM;AI;WFM",5.0,1.00,376320.00
99,1490,30,400,30,0.02,"Support;Sales","CRM;AI;WFM",5.0,1.00,380160.00
100,1505,28,404,30,0.02,"Support;Tech","CRM;AI;WFM",5.0,1.00,384000.00
4,70,610,25,125,0.42,"Sales","None",3.5,0.39,16560.00
5,85,590,28,120,0.40,"Sales","None",3.6,0.41,18720.00
6,110,560,35,115,0.36,"Sales;Support","None",3.7,0.44,34560.00
7,130,540,40,110,0.34,"Support","CRM",3.8,0.46,40320.00
8,160,520,50,105,0.31,"Support;Sales","CRM",3.9,0.49,46080.00
9,200,500,60,100,0.29,"Support","Training",4.0,0.51,51840.00
10,240,480,70,95,0.27,"Support;Tech","CRM;Training",4.0,0.54,57600.00
12,300,460,80,90,0.25,"Support;Tech","CRM;IVR",4.1,0.56,69120.00
14,360,440,90,85,0.23,"Support;Sales","CRM;WFM",4.1,0.58,82944.00
16,420,420,100,80,0.21,"Support;Tech","CRM;AI",4.2,0.60,96768.00
18,480,400,110,78,0.20,"Support;Sales","CRM;AI",4.2,0.62,110592.00
20,540,380,120,75,0.19,"Support;Tech","CRM;AI;WFM",4.3,0.64,124416.00
22,600,360,130,72,0.18,"Support;Sales;Tech","CRM;AI;WFM",4.3,0.66,138240.00
24,660,340,140,70,0.17,"Support","CRM;WFM",4.3,0.67,152064.00
26,720,320,150,68,0.16,"Support;Sales","CRM;WFM",4.4,0.69,165888.00
28,780,300,160,66,0.15,"Support;Tech","WFM;CTI",4.4,0.70,179712.00
30,840,290,170,64,0.14,"Support;Sales","CRM;AI;WFM",4.5,0.71,193536.00
32,900,280,180,62,0.13,"Support;Tech","CRM;AI;CTI",4.5,0.72,207360.00
34,960,270,190,60,0.12,"Support;Sales;Tech","CRM;AI;CTI;WFM",4.6,0.73,221184.00
36,1020,260,200,58,0.11,"Support;Tech","CRM;AI;WFM",4.6,0.74,235008.00
3,45,720,18,140,0.48,"Sales","None",3.4,0.36,10368.00
4,60,700,22,135,0.45,"Sales;Support","None",3.5,0.38,13824.00
5,75,680,26,130,0.42,"Support","None",3.6,0.40,17280.00
6,90,660,30,125,0.39,"Support;Sales","CRM",3.7,0.43,20736.00
7,105,640,34,120,0.36,"Support;Tech","CRM",3.8,0.45,24192.00
8,120,620,38,115,0.34,"Support;Sales","CRM;IVR",3.9,0.47,27648.00
9,135,600,42,110,0.32,"Support;Tech","CRM;Training",4.0,0.49,31104.00
10,150,580,46,105,0.30,"Support;Sales","CRM;WFM",4.0,0.51,34560.00
11,165,560,50,100,0.29,"Support;Tech","CRM;AI",4.1,0.53,38016.00
12,180,540,54,98,0.28,"Support;Sales;Tech","CRM;AI",4.1,0.54,41472.00
13,195,520,58,96,0.27,"Support","CRM;AI;WFM",4.2,0.56,44928.00
14,210,500,62,94,0.26,"Support;Sales","CRM;AI;WFM",4.2,0.57,48384.00
15,225,480,66,92,0.25,"Support;Tech","WFM;CTI",4.2,0.58,51840.00
16,240,460,70,90,0.24,"Support;Sales","CRM;IVR",4.3,0.59,55296.00
17,255,440,74,88,0.23,"Support;Tech","CRM;Training",4.3,0.60,58752.00
18,270,420,78,86,0.22,"Support;Sales;Tech","CRM;AI",4.4,0.61,62208.00
19,285,400,82,84,0.21,"Support","CRM;AI;WFM",4.4,0.62,65664.00
20,300,380,86,82,0.20,"Support;Sales","CRM;AI;WFM",4.4,0.63,69120.00
21,315,360,90,80,0.19,"Support;Tech","CRM;AI;CTI",4.5,0.64,72576.00
22,330,340,94,78,0.18,"Support;Sales;Tech","CRM;AI;CTI;WFM",4.5,0.65,76032.00
23,345,320,98,76,0.17,"Support","CRM;AI;WFM",4.5,0.66,79488.00
24,360,300,102,74,0.16,"Support;Tech","CRM;AI;WFM",4.6,0.67,82944.00
25,375,290,106,72,0.15,"Support;Sales","CRM;AI;WFM",4.6,0.68,86400.00
26,390,280,110,70,0.14,"Support;Tech","CRM;AI;WFM",4.6,0.69,89856.00
27,405,270,114,68,0.13,"Support;Sales;Tech","CRM;AI;WFM",4.7,0.70,93312.00
28,420,260,118,66,0.12,"Support;Tech","CRM;AI;WFM",4.7,0.71,96768.00
29,435,250,122,64,0.11,"Support;Sales","CRM;AI;WFM",4.7,0.72,100224.00
30,450,240,126,62,0.10,"Support;Tech","CRM;AI;WFM",4.8,0.73,103680.00
2,35,820,12,155,0.52,"Sales","None",3.3,0.34,6912.00
3,50,780,16,150,0.48,"Sales;Support","None",3.4,0.36,11520.00
4,65,740,20,145,0.44,"Support","None",3.5,0.38,15360.00
5,80,700,24,140,0.40,"Support;Sales","None",3.6,0.40,19200.00
6,95,660,28,135,0.37,"Support;Tech","CRM",3.7,0.42,23040.00
7,110,620,32,130,0.35,"Support;Sales","CRM",3.8,0.44,26880.00
8,125,580,36,125,0.33,"Support;Tech","CRM;IVR",3.9,0.46,30720.00
9,140,540,40,120,0.31,"Support;Sales;Tech","CRM;Training",4.0,0.48,34560.00
10,155,500,44,115,0.30,"Support;Tech","CRM;WFM",4.0,0.50,38400.00
11,170,470,48,110,0.29,"Support;Sales","CRM;AI",4.1,0.52,42240.00
12,185,450,52,108,0.28,"Support;Tech","CRM;AI",4.1,0.53,46080.00
13,200,430,56,106,0.27,"Support;Sales;Tech","CRM;AI;WFM",4.2,0.54,49920.00
14,215,410,60,104,0.26,"Support;Tech","CRM;AI;WFM",4.2,0.55,53760.00
15,230,390,64,102,0.25,"Support;Sales","CRM;AI;WFM",4.3,0.56,57600.00
16,245,370,68,100,0.24,"Support;Tech","WFM;CTI",4.3,0.57,61440.00
17,260,350,72,98,0.23,"Support;Sales;Tech","CRM;IVR",4.3,0.58,65280.00
18,275,330,76,96,0.22,"Support;Tech","CRM;Training",4.4,0.59,69120.00
19,290,310,80,94,0.21,"Support;Sales","CRM;AI",4.4,0.60,72960.00
20,305,295,84,92,0.20,"Support;Tech","CRM;AI;WFM",4.4,0.61,76800.00
21,320,285,88,90,0.19,"Support;Sales;Tech","CRM;AI;WFM",4.5,0.62,80640.00
22,335,275,92,88,0.18,"Support;Tech","CRM;AI;WFM",4.5,0.63,84480.00
23,350,265,96,86,0.17,"Support;Sales","CRM;AI;WFM",4.5,0.64,88320.00
24,365,255,100,84,0.16,"Support;Tech","CRM;AI;WFM",4.6,0.65,92160.00
25,380,245,104,82,0.15,"Support;Sales;Tech","CRM;AI;WFM",4.6,0.66,96000.00
26,395,235,108,80,0.14,"Support;Tech","CRM;AI;WFM",4.6,0.67,99840.00
27,410,225,112,78,0.13,"Support;Sales","CRM;AI;WFM",4.7,0.68,103680.00
28,425,215,116,76,0.12,"Support;Tech","CRM;AI;WFM",4.7,0.69,107520.00
29,440,205,120,74,0.11,"Support;Sales;Tech","CRM;AI;WFM",4.7,0.70,111360.00
30,455,195,124,72,0.10,"Support;Tech","CRM;AI;WFM",4.8,0.71,115200.00
31,470,190,128,70,0.10,"Support;Sales","CRM;AI;WFM",4.8,0.72,119040.00
32,485,185,132,68,0.09,"Support;Tech","CRM;AI;WFM",4.8,0.73,122880.00
33,500,180,136,66,0.09,"Support;Sales;Tech","CRM;AI;WFM",4.8,0.74,126720.00
34,515,175,140,64,0.08,"Support;Tech","CRM;AI;WFM",4.9,0.75,130560.00
35,530,170,144,62,0.08,"Support;Sales","CRM;AI;WFM",4.9,0.76,134400.00
36,545,165,148,60,0.07,"Support;Tech","CRM;AI;WFM",4.9,0.77,138240.00
37,560,160,152,58,0.07,"Support;Sales;Tech","CRM;AI;WFM",4.9,0.78,142080.00
38,575,155,156,56,0.06,"Support;Tech","CRM;AI;WFM",5.0,0.79,145920.00
39,590,150,160,54,0.06,"Support;Sales","CRM;AI;WFM",5.0,0.80,149760.00
40,605,148,164,53,0.06,"Support;Tech","CRM;AI;WFM",5.0,0.81,153600.00
41,620,146,168,52,0.05,"Support;Sales;Tech","CRM;AI;WFM",5.0,0.82,157440.00
42,635,144,172,51,0.05,"Support;Tech","CRM;AI;WFM",5.0,0.83,161280.00
43,650,142,176,50,0.05,"Support;Sales","CRM;AI;WFM",5.0,0.84,165120.00
44,665,140,180,49,0.05,"Support;Tech","CRM;AI;WFM",5.0,0.85,168960.00
45,680,138,184,48,0.04,"Support;Sales;Tech","CRM;AI;WFM",5.0,0.86,172800.00
46,695,136,188,47,0.04,"Support;Tech","CRM;AI;WFM",5.0,0.87,176640.00
47,710,134,192,46,0.04,"Support;Sales","CRM;AI;WFM",5.0,0.88,180480.00
48,725,132,196,45,0.04,"Support;Tech","CRM;AI;WFM",5.0,0.89,184320.00
49,740,130,200,44,0.03,"Support;Sales;Tech","CRM;AI;WFM",5.0,0.90,188160.00
50,755,128,204,43,0.03,"Support;Tech","CRM;AI;WFM",5.0,0.91,192000.00
51,770,126,208,42,0.03,"Support;Sales","CRM;AI;WFM",5.0,0.92,195840.00
52,785,124,212,41,0.03,"Support;Tech","CRM;AI;WFM",5.0,0.93,199680.00
53,800,122,216,40,0.03,"Support;Sales;Tech","CRM;AI;WFM",5.0,0.94,203520.00
54,815,120,220,39,0.02,"Support;Tech","CRM;AI;WFM",5.0,0.95,207360.00
55,830,118,224,38,0.02,"Support;Sales","CRM;AI;WFM",5.0,0.96,211200.00
56,845,116,228,37,0.02,"Support;Tech","CRM;AI;WFM",5.0,0.97,215040.00
57,860,114,232,36,0.02,"Support;Sales;Tech","CRM;AI;WFM",5.0,0.98,218880.00
58,875,112,236,35,0.02,"Support;Tech","CRM;AI;WFM",5.0,0.99,222720.00
59,890,110,240,34,0.02,"Support;Sales","CRM;AI;WFM",5.0,1.00,226560.00
60,905,108,244,33,0.02,"Support;Tech","CRM;AI;WFM",5.0,1.00,230400.00
61,920,106,248,32,0.02,"Support;Sales;Tech","CRM;AI;WFM",5.0,1.00,234240.00
62,935,104,252,31,0.02,"Support;Tech","CRM;AI;WFM",5.0,1.00,238080.00
63,950,102,256,30,0.02,"Support;Sales","CRM;AI;WFM",5.0,1.00,241920.00
64,965,100,260,30,0.02,"Support;Tech","CRM;AI;WFM",5.0,1.00,245760.00
65,980,98,264,30,0.02,"Support;Sales;Tech","CRM;AI;WFM",5.0,1.00,249600.00
66,995,96,268,30,0.02,"Support;Tech","CRM;AI;WFM",5.0,1.00,253440.00
67,1010,94,272,30,0.02,"Support;Sales","CRM;AI;WFM",5.0,1.00,257280.00
68,1025,92,276,30,0.02,"Support;Tech","CRM;AI;WFM",5.0,1.00,261120.00
69,1040,90,280,30,0.02,"Support;Sales;Tech","CRM;AI;WFM",5.0,1.00,264960.00
70,1055,88,284,30,0.02,"Support;Tech","CRM;AI;WFM",5.0,1.00,268800.00
71,1070,86,288,30,0.02,"Support;Sales","CRM;AI;WFM",5.0,1.00,272640.00
72,1085,84,292,30,0.02,"Support;Tech","CRM;AI;WFM",5.0,1.00,276480.00
73,1100,82,296,30,0.02,"Support;Sales;Tech","CRM;AI;WFM",5.0,1.00,280320.00
74,1115,80,300,30,0.02,"Support;Tech","CRM;AI;WFM",5.0,1.00,284160.00
75,1130,78,304,30,0.02,"Support;Sales","CRM;AI;WFM",5.0,1.00,288000.00
76,1145,76,308,30,0.02,"Support;Tech","CRM;AI;WFM",5.0,1.00,291840.00
77,1160,74,312,30,0.02,"Support;Sales;Tech","CRM;AI;WFM",5.0,1.00,295680.00
78,1175,72,316,30,0.02,"Support;Tech","CRM;AI;WFM",5.0,1.00,299520.00
79,1190,70,320,30,0.02,"Support;Sales","CRM;AI;WFM",5.0,1.00,303360.00
80,1205,68,324,30,0.02,"Support;Tech","CRM;AI;WFM",5.0,1.00,307200.00
81,1220,66,328,30,0.02,"Support;Sales;Tech","CRM;AI;WFM",5.0,1.00,311040.00
82,1235,64,332,30,0.02,"Support;Tech","CRM;AI;WFM",5.0,1.00,314880.00
83,1250,62,336,30,0.02,"Support;Sales","CRM;AI;WFM",5.0,1.00,318720.00
84,1265,60,340,30,0.02,"Support;Tech","CRM;AI;WFM",5.0,1.00,322560.00
85,1280,58,344,30,0.02,"Support;Sales;Tech","CRM;AI;WFM",5.0,1.00,326400.00
86,1295,56,348,30,0.02,"Support;Tech","CRM;AI;WFM",5.0,1.00,330240.00
87,1310,54,352,30,0.02,"Support;Sales","CRM;AI;WFM",5.0,1.00,334080.00
88,1325,52,356,30,0.02,"Support;Tech","CRM;AI;WFM",5.0,1.00,337920.00
89,1340,50,360,30,0.02,"Support;Sales;Tech","CRM;AI;WFM",5.0,1.00,341760.00
90,1355,48,364,30,0.02,"Support;Tech","CRM;AI;WFM",5.0,1.00,345600.00
91,1370,46,368,30,0.02,"Support;Sales","CRM;AI;WFM",5.0,1.00,349440.00
92,1385,44,372,30,0.02,"Support;Tech","CRM;AI;WFM",5.0,1.00,353280.00
93,1400,42,376,30,0.02,"Support;Sales;Tech","CRM;AI;WFM",5.0,1.00,357120.00
94,1415,40,380,30,0.02,"Support;Tech","CRM;AI;WFM",5.0,1.00,360960.00
95,1430,38,384,30,0.02,"Support;Sales","CRM;AI;WFM",5.0,1.00,364800.00
96,1445,36,388,30,0.02,"Support;Tech","CRM;AI;WFM",5.0,1.00,368640.00
97,1460,34,392,30,0.02,"Support;Sales;Tech","CRM;AI;WFM",5.0,1.00,372480.00
98,1475,32,396,30,0.02,"Support;Tech","CRM;AI;WFM",5.0,1.00,376320.00
99,1490,30,400,30,0.02,"Support;Sales","CRM;AI;WFM",5.0,1.00,380160.00
100,1505,28,404,30,0.02,"Support;Tech","CRM;AI;WFM",5.0,1.00,384000.00
5,210,340,95,85,0.21,"Support;Sales","CRM;IVR",4.1,0.66,151200.00
7,330,300,120,70,0.18,"Support;Tech","CRM;WFM",4.3,0.71,237600.00
9,420,280,140,65,0.16,"Support","CRM;Training",4.2,0.69,302400.00
11,480,260,160,60,0.15,"Support;Sales","CRM;AI",4.4,0.72,369600.00
13,540,240,180,55,0.14,"Support;Tech","CRM;AI;WFM",4.5,0.74,432000.00
6,190,360,85,90,0.22,"Sales","None",3.9,0.50,129600.00
8,250,320,110,80,0.19,"Support;Sales","CRM",4.0,0.58,201600.00
10,300,310,130,78,0.18,"Support;Tech","CRM;CTI",4.1,0.60,230400.00
12,360,295,150,75,0.17,"Support;Sales;Tech","CRM;WFM",4.2,0.63,302400.00
14,420,285,170,72,0.16,"Support;Tech","CRM;AI",4.3,0.66,374400.00
4,140,420,60,110,0.28,"Sales","None",3.7,0.45,80640.00
3,100,480,45,120,0.32,"Sales","None",3.6,0.42,57600.00
2,60,600,30,140,0.40,"Sales","None",3.4,0.36,34560.00
15,700,250,200,50,0.12,"Support;Sales;Tech","CRM;AI;WFM",4.6,0.75,504000.00
17,820,230,220,48,0.11,"Support;Tech","CRM;AI;CTI",4.7,0.77,590400.00
19,940,220,240,46,0.10,"Support;Sales","CRM;AI;WFM",4.7,0.78,691200.00
21,1050,210,260,44,0.09,"Support;Tech","CRM;AI;WFM",4.8,0.79,806400.00
23,1160,200,280,42,0.09,"Support;Sales;Tech","CRM;AI;WFM",4.8,0.80,921600.00
25,1280,195,300,40,0.08,"Support;Tech","CRM;AI;WFM",4.9,0.81,1036800.00
27,1400,190,320,38,0.08,"Support;Sales","CRM;AI;WFM",4.9,0.82,1152000.00
29,1520,185,340,36,0.07,"Support;Tech","CRM;AI;WFM",5.0,0.83,1267200.00
31,1640,180,360,35,0.07,"Support;Sales;Tech","CRM;AI;WFM",5.0,0.84,1382400.00
33,1760,175,380,34,0.06,"Support;Tech","CRM;AI;WFM",5.0,0.85,1497600.00
35,1880,170,400,33,0.06,"Support;Sales","CRM;AI;WFM",5.0,0.86,1612800.00
37,2000,165,420,32,0.06,"Support;Tech","CRM;AI;WFM",5.0,0.87,1728000.00
39,2120,160,440,31,0.05,"Support;Sales;Tech","CRM;AI;WFM",5.0,0.88,1843200.00
41,2240,155,460,30,0.05,"Support;Tech","CRM;AI;WFM",5.0,0.89,1958400.00
43,2360,150,480,30,0.05,"Support;Sales","CRM;AI;WFM",5.0,0.90,2073600.00
45,2480,148,500,30,0.04,"Support;Tech","CRM;AI;WFM",5.0,0.91,2188800.00
47,2600,146,520,30,0.04,"Support;Sales;Tech","CRM;AI;WFM",5.0,0.92,2304000.00
49,2720,144,540,30,0.04,"Support;Tech","CRM;AI;WFM",5.0,0.93,2419200.00
51,2840,142,560,30,0.04,"Support;Sales","CRM;AI;WFM",5.0,0.94,2534400.00
53,2960,140,580,30,0.03,"Support;Tech","CRM;AI;WFM",5.0,0.95,2649600.00
55,3080,138,600,30,0.03,"Support;Sales;Tech","CRM;AI;WFM",5.0,0.96,2764800.00
57,3200,136,620,30,0.03,"Support;Tech","CRM;AI;WFM",5.0,0.97,2880000.00
59,3320,134,640,30,0.03,"Support;Sales","CRM;AI;WFM",5.0,0.98,2995200.00
61,3440,132,660,30,0.03,"Support;Tech","CRM;AI;WFM",5.0,0.99,3110400.00
63,3560,130,680,30,0.03,"Support;Sales;Tech","CRM;AI;WFM",5.0,1.00,3225600.00
4,95,410,48,112,0.27,"Sales","None",3.6,0.44,86400.00
6,130,360,72,98,0.23,"Support;Sales","CRM",3.8,0.52,144000.00
8,170,330,96,88,0.20,"Support;Tech","CRM;IVR",4.0,0.57,216000.00
10,210,310,120,80,0.18,"Support;Sales","CRM;WFM",4.1,0.60,288000.00
12,250,295,144,76,0.17,"Support;Tech","CRM;AI",4.2,0.62,360000.00
14,290,285,168,74,0.16,"Support;Sales;Tech","CRM;AI;WFM",4.3,0.64,432000.00
16,330,275,192,72,0.15,"Support;Tech","CRM;AI;WFM",4.3,0.65,504000.00
18,370,265,216,70,0.14,"Support;Sales","CRM;AI;WFM",4.4,0.66,576000.00
20,410,255,240,68,0.13,"Support;Tech","CRM;AI;WFM",4.4,0.67,648000.00
22,450,245,264,66,0.12,"Support;Sales;Tech","CRM;AI;WFM",4.5,0.68,720000.00
24,490,235,288,64,0.12,"Support;Tech","CRM;AI;WFM",4.5,0.69,792000.00
26,530,225,312,62,0.11,"Support;Sales","CRM;AI;WFM",4.6,0.70,864000.00
28,570,215,336,60,0.11,"Support;Tech","CRM;AI;WFM",4.6,0.71,936000.00
30,610,205,360,58,0.10,"Support;Sales;Tech","CRM;AI;WFM",4.6,0.72,1008000.00
32,650,200,384,56,0.10,"Support;Tech","CRM;AI;WFM",4.7,0.73,1080000.00
34,690,195,408,54,0.09,"Support;Sales","CRM;AI;WFM",4.7,0.74,1152000.00
36,730,190,432,52,0.09,"Support;Tech","CRM;AI;WFM",4.7,0.75,1224000.00
38,770,185,456,50,0.08,"Support;Sales;Tech","CRM;AI;WFM",4.8,0.76,1296000.00
40,810,180,480,48,0.08,"Support;Tech","CRM;AI;WFM",4.8,0.77,1368000.00
42,850,175,504,46,0.08,"Support;Sales","CRM;AI;WFM",4.8,0.78,1440000.00
44,890,170,528,44,0.07,"Support;Tech","CRM;AI;WFM",4.9,0.79,1512000.00
46,930,165,552,42,0.07,"Support;Sales;Tech","CRM;AI;WFM",4.9,0.80,1584000.00
48,970,160,576,40,0.07,"Support;Tech","CRM;AI;WFM",4.9,0.81,1656000.00
50,1010,155,600,38,0.06,"Support;Sales","CRM;AI;WFM",5.0,0.82,1728000.00
52,1050,150,624,36,0.06,"Support;Tech","CRM;AI;WFM",5.0,0.83,1800000.00
54,1090,148,648,35,0.06,"Support;Sales;Tech","CRM;AI;WFM",5.0,0.84,1872000.00
56,1130,146,672,34,0.05,"Support;Tech","CRM;AI;WFM",5.0,0.85,1944000.00
58,1170,144,696,33,0.05,"Support;Sales","CRM;AI;WFM",5.0,0.86,2016000.00
60,1210,142,720,32,0.05,"Support;Tech","CRM;AI;WFM",5.0,0.87,2088000.00
62,1250,140,744,31,0.05,"Support;Sales;Tech","CRM;AI;WFM",5.0,0.88,2160000.00
64,1290,138,768,30,0.04,"Support;Tech","CRM;AI;WFM",5.0,0.89,2232000.00
66,1330,136,792,30,0.04,"Support;Sales","CRM;AI;WFM",5.0,0.90,2304000.00
68,1370,134,816,30,0.04,"Support;Tech","CRM;AI;WFM",5.0,0.91,2376000.00
70,1410,132,840,30,0.04,"Support;Sales;Tech","CRM;AI;WFM",5.0,0.92,2448000.00
72,1450,130,864,30,0.03,"Support;Tech","CRM;AI;WFM",5.0,0.93,2520000.00
74,1490,128,888,30,0.03,"Support;Sales","CRM;AI;WFM",5.0,0.94,2592000.00
76,1530,126,912,30,0.03,"Support;Tech","CRM;AI;WFM",5.0,0.95,2664000.00
78,1570,124,936,30,0.03,"Support;Sales;Tech","CRM;AI;WFM",5.0,0.96,2736000.00
80,1610,122,960,30,0.03,"Support;Tech","CRM;AI;WFM",5.0,0.97,2808000.00
82,1650,120,984,30,0.02,"Support;Sales","CRM;AI;WFM",5.0,0.98,2880000.00
84,1690,118,1008,30,0.02,"Support;Tech","CRM;AI;WFM",5.0,0.99,2952000.00
86,1730,116,1032,30,0.02,"Support;Sales;Tech","CRM;AI;WFM",5.0,1.00,3024000.00
88,1770,114,1056,30,0.02,"Support;Tech","CRM;AI;WFM",5.0,1.00,3096000.00
90,1810,112,1080,30,0.02,"Support;Sales","CRM;AI;WFM",5.0,1.00,3168000.00
92,1850,110,1104,30,0.02,"Support;Tech","CRM;AI;WFM",5.0,1.00,3240000.00
94,1890,108,1128,30,0.02,"Support;Sales;Tech","CRM;AI;WFM",5.0,1.00,3312000.00
96,1930,106,1152,30,0.02,"Support;Tech","CRM;AI;WFM",5.0,1.00,3384000.00
98,1970,104,1176,30,0.02,"Support;Sales","CRM;AI;WFM",5.0,1.00,3456000.00
100,2010,102,1200,30,0.02,"Support;Tech","CRM;AI;WFM",5.0,1.00,3528000.00
102,2050,100,1224,30,0.02,"Support;Sales;Tech","CRM;AI;WFM",5.0,1.00,3600000.00
104,2090,98,1248,30,0.02,"Support;Tech","CRM;AI;WFM",5.0,1.00,3672000.00
106,2130,96,1272,30,0.02,"Support;Sales","CRM;AI;WFM",5.0,1.00,3744000.00
108,2170,94,1296,30,0.02,"Support;Tech","CRM;AI;WFM",5.0,1.00,3816000.00
110,2210,92,1320,30,0.02,"Support;Sales;Tech","CRM;AI;WFM",5.0,1.00,3888000.00
112,2250,90,1344,30,0.02,"Support;Tech","CRM;AI;WFM",5.0,1.00,3960000.00
114,2290,88,1368,30,0.02,"Support;Sales","CRM;AI;WFM",5.0,1.00,4032000.00
116,2330,86,1392,30,0.02,"Support;Tech","CRM;AI;WFM",5.0,1.00,4104000.00
118,2370,84,1416,30,0.02,"Support;Sales;Tech","CRM;AI;WFM",5.0,1.00,4176000.00
120,2410,82,1440,30,0.02,"Support;Tech","CRM;AI;WFM",5.0,1.00,4248000.00
122,2450,80,1464,30,0.02,"Support;Sales","CRM;AI;WFM",5.0,1.00,4320000.00
124,2490,78,1488,30,0.02,"Support;Tech","CRM;AI;WFM",5.0,1.00,4392000.00
126,2530,76,1512,30,0.02,"Support;Sales;Tech","CRM;AI;WFM",5.0,1.00,4464000.00
128,2570,74,1536,30,0.02,"Support;Tech","CRM;AI;WFM",5.0,1.00,4536000.00
130,2610,72,1560,30,0.02,"Support;Sales","CRM;AI;WFM",5.0,1.00,4608000.00
132,2650,70,1584,30,0.02,"Support;Tech","CRM;AI;WFM",5.0,1.00,4680000.00
134,2690,68,1608,30,0.02,"Support;Sales;Tech","CRM;AI;WFM",5.0,1.00,4752000.00
136,2730,66,1632,30,0.02,"Support;Tech","CRM;AI;WFM",5.0,1.00,4824000.00
138,2770,64,1656,30,0.02,"Support;Sales","CRM;AI;WFM",5.0,1.00,4896000.00
140,2810,62,1680,30,0.02,"Support;Tech","CRM;AI;WFM",5.0,1.00,4968000.00
5,220,340,95,85,0.21,"Support;Sales","CRM;IVR",4.1,0.66,151200.00
7,330,300,120,70,0.18,"Support;Tech","CRM;WFM",4.3,0.71,237600.00
9,420,280,140,65,0.16,"Support","CRM;Training",4.2,0.69,302400.00
11,480,260,160,60,0.15,"Support;Sales","CRM;AI",4.4,0.72,369600.00
13,540,240,180,55,0.14,"Support;Tech","CRM;AI;WFM",4.5,0.74,432000.00
6,190,360,85,90,0.22,"Sales","None",3.9,0.50,129600.00
8,250,320,110,80,0.19,"Support;Sales","CRM",4.0,0.58,201600.00
10,300,310,130,78,0.18,"Support;Tech","CRM;CTI",4.1,0.60,230400.00
12,360,295,150,75,0.17,"Support;Sales;Tech","CRM;WFM",4.2,0.63,302400.00
14,420,285,170,72,0.16,"Support;Tech","CRM;AI",4.3,0.66,374400.00
4,140,420,60,110,0.28,"Sales","None",3.7,0.45,80640.00
3,100,480,45,120,0.32,"Sales","None",3.6,0.42,57600.00
2,60,600,30,140,0.40,"Sales","None",3.4,0.36,34560.00
15,700,250,200,50,0.12,"Support;Sales;Tech","CRM;AI;WFM",4.6,0.75,504000.00
17,820,230,220,48,0.11,"Support;Tech","CRM;AI;CTI",4.7,0.77,590400.00
19,940,220,240,46,0.10,"Support;Sales","CRM;AI;WFM",4.7,0.78,691200.00
21,1050,210,260,44,0.09,"Support;Tech","CRM;AI;WFM",4.8,0.79,806400.00
23,1160,200,280,42,0.09,"Support;Sales;Tech","CRM;AI;WFM",4.8,0.80,921600.00
25,1280,195,300,40,0.08,"Support;Tech","CRM;AI;WFM",4.9,0.81,1036800.00
27,1400,190,320,38,0.08,"Support;Sales","CRM;AI;WFM",4.9,0.82,1152000.00
29,1520,185,340,36,0.07,"Support;Tech","CRM;AI;WFM",5.0,0.83,1267200.00
31,1640,180,360,35,0.07,"Support;Sales;Tech","CRM;AI;WFM",5.0,0.84,1382400.00
33,1760,175,380,34,0.06,"Support;Tech","CRM;AI;WFM",5.0,0.85,1497600.00
35,1880,170,400,33,0.06,"Support;Sales","CRM;AI;WFM",5.0,0.86,1612800.00
37,2000,165,420,32,0.06,"Support;Tech","CRM;AI;WFM",5.0,0.87,1728000.00
39,2120,160,440,31,0.05,"Support;Sales;Tech","CRM;AI;WFM",5.0,0.88,1843200.00
41,2240,155,460,30,0.05,"Support;Tech","CRM;AI;WFM",5.0,0.89,1958400.00
43,2360,150,480,30,0.05,"Support;Sales","CRM;AI;WFM",5.0,0.90,2073600.00
45,2480,148,500,30,0.04,"Support;Tech","CRM;AI;WFM",5.0,0.91,2188800.00
47,2600,146,520,30,0.04,"Support;Sales;Tech","CRM;AI;WFM",5.0,0.92,2304000.00
49,2720,144,540,30,0.04,"Support;Tech","CRM;AI;WFM",5.0,0.93,2419200.00
51,2840,142,560,30,0.04,"Support;Sales","CRM;AI;WFM",5.0,0.94,2534400.00
53,2960,140,580,30,0.03,"Support;Tech","CRM;AI;WFM",5.0,0.95,2649600.00
55,3080,138,600,30,0.03,"Support;Sales;Tech","CRM;AI;WFM",5.0,0.96,2764800.00
57,3200,136,620,30,0.03,"Support;Tech","CRM;AI;WFM",5.0,0.97,2880000.00
59,3320,134,640,30,0.03,"Support;Sales","CRM;AI;WFM",5.0,0.98,2995200.00
61,3440,132,660,30,0.03,"Support;Tech","CRM;AI;WFM",5.0,0.99,3110400.00
63,3560,130,680,30,0.03,"Support;Sales;Tech","CRM;AI;WFM",5.0,1.00,3225600.00
4,95,410,48,112,0.27,"Sales","None",3.6,0.44,86400.00
6,130,360,72,98,0.23,"Support;Sales","CRM",3.8,0.52,144000.00
8,170,330,96,88,0.20,"Support;Tech","CRM;IVR",4.0,0.57,216000.00
10,210,310,120,80,0.18,"Support;Sales","CRM;WFM",4.1,0.60,288000.00
12,250,295,144,76,0.17,"Support;Tech","CRM;AI",4.2,0.62,360000.00
14,290,285,168,74,0.16,"Support;Sales;Tech","CRM;AI;WFM",4.3,0.64,432000.00
16,330,275,192,72,0.15,"Support;Tech","CRM;AI;WFM",4.3,0.65,504000.00
18,370,265,216,70,0.14,"Support;Sales","CRM;AI;WFM",4.4,0.66,576000.00
20,410,255,240,68,0.13,"Support;Tech","CRM;AI;WFM",4.4,0.67,648000.00
22,450,245,264,66,0.12,"Support;Sales;Tech","CRM;AI;WFM",4.5,0.68,720000.00
24,490,235,288,64,0.12,"Support;Tech","CRM;AI;WFM",4.5,0.69,792000.00
26,530,225,312,62,0.11,"Support;Sales","CRM;AI;WFM",4.6,0.70,864000.00
28,570,215,336,60,0.11,"Support;Tech","CRM;AI;WFM",4.6,0.71,936000.00
30,610,205,360,58,0.10,"Support;Sales;Tech","CRM;AI;WFM",4.6,0.72,1008000.00
32,650,200,384,56,0.10,"Support;Tech","CRM;AI;WFM",4.7,0.73,1080000.00
34,690,195,408,54,0.09,"Support;Sales","CRM;AI;WFM",4.7,0.74,1152000.00
36,730,190,432,52,0.09,"Support;Tech","CRM;AI;WFM",4.7,0.75,1224000.00
38,770,185,456,50,0.08,"Support;Sales;Tech","CRM;AI;WFM",4.8,0.76,1296000.00
40,810,180,480,48,0.08,"Support;Tech","CRM;AI;WFM",4.8,0.77,1368000.00
42,850,175,504,46,0.08,"Support;Sales","CRM;AI;WFM",4.8,0.78,1440000.00
44,890,170,528,44,0.07,"Support;Tech","CRM;AI;WFM",4.9,0.79,1512000.00
46,930,165,552,42,0.07,"Support;Sales;Tech","CRM;AI;WFM",4.9,0.80,1584000.00
48,970,160,576,40,0.07,"Support;Tech","CRM;AI;WFM",4.9,0.81,1656000.00
50,1010,155,600,38,0.06,"Support;Sales","CRM;AI;WFM",5.0,0.82,1728000.00
52,1050,150,624,36,0.06,"Support;Tech","CRM;AI;WFM",5.0,0.83,1800000.00
54,1090,148,648,35,0.06,"Support;Sales;Tech","CRM;AI;WFM",5.0,0.84,1872000.00
56,1130,146,672,34,0.05,"Support;Tech","CRM;AI;WFM",5.0,0.85,1944000.00
58,1170,144,696,33,0.05,"Support;Sales","CRM;AI;WFM",5.0,0.86,2016000.00
60,1210,142,720,32,0.05,"Support;Tech","CRM;AI;WFM",5.0,0.87,2088000.00
62,1250,140,744,31,0.05,"Support;Sales;Tech","CRM;AI;WFM",5.0,0.88,2160000.00
64,1290,138,768,30,0.04,"Support;Tech","CRM;AI;WFM",5.0,0.89,2232000.00
66,1330,136,792,30,0.04,"Support;Sales","CRM;AI;WFM",5.0,0.90,2304000.00
68,1370,134,816,30,0.04,"Support;Tech","CRM;AI;WFM",5.0,0.91,2376000.00
70,1410,132,840,30,0.04,"Support;Sales;Tech","CRM;AI;WFM",5.0,0.92,2448000.00
72,1450,130,864,30,0.03,"Support;Tech","CRM;AI;WFM",5.0,0.93,2520000.00
74,1490,128,888,30,0.03,"Support;Sales","CRM;AI;WFM",5.0,0.94,2592000.00
76,1530,126,912,30,0.03,"Support;Tech","CRM;AI;WFM",5.0,0.95,2664000.00
78,1570,124,936,30,0.03,"Support;Sales;Tech","CRM;AI;WFM",5.0,0.96,2736000.00
80,1610,122,960,30,0.03,"Support;Tech","CRM;AI;WFM",5.0,0.97,2808000.00
82,1650,120,984,30,0.02,"Support;Sales","CRM;AI;WFM",5.0,0.98,2880000.00
84,1690,118,1008,30,0.02,"Support;Tech","CRM;AI;WFM",5.0,0.99,2952000.00
86,1730,116,1032,30,0.02,"Support;Sales;Tech","CRM;AI;WFM",5.0,1.00,3024000.00
88,1770,114,1056,30,0.02,"Support;Tech","CRM;AI;WFM",5.0,1.00,3096000.00
90,1810,112,1080,30,0.02,"Support;Sales","CRM;AI;WFM",5.0,1.00,3168000.00
92,1850,110,1104,30,0.02,"Support;Tech","CRM;AI;WFM",5.0,1.00,3240000.00
94,1890,108,1128,30,0.02,"Support;Sales;Tech","CRM;AI;WFM",5.0,1.00,3312000.00
96,1930,106,1152,30,0.02,"Support;Tech","CRM;AI;WFM",5.0,1.00,3384000.00
98,1970,104,1176,30,0.02,"Support;Sales","CRM;AI;WFM",5.0,1.00,3456000.00
100,2010,102,1200,30,0.02,"Support;Tech","CRM;AI;WFM",5.0,1.00,3528000.00
102,2050,100,1224,30,0.02,"Support;Sales;Tech","CRM;AI;WFM",5.0,1.00,3600000.00
104,2090,98,1248,30,0.02,"Support;Tech","CRM;AI;WFM",5.0,1.00,3672000.00
106,2130,96,1272,30,0.02,"Support;Sales","CRM;AI;WFM",5.0,1.00,3744000.00
108,2170,94,1296,30,0.02,"Support;Tech","CRM;AI;WFM",5.0,1.00,3816000.00
110,2210,92,1320,30,0.02,"Support;Sales;Tech","CRM;AI;WFM",5.0,1.00,3888000.00
112,2250,90,1344,30,0.02,"Support;Tech","CRM;AI;WFM",5.0,1.00,3960000.00
114,2290,88,1368,30,0.02,"Support;Sales","CRM;AI;WFM",5.0,1.00,4032000.00
116,2330,86,1392,30,0.02,"Support;Tech","CRM;AI;WFM",5.0,1.00,4104000.00
118,2370,84,1416,30,0.02,"Support;Sales;Tech","CRM;AI;WFM",5.0,1.00,4176000.00
120,2410,82,1440,30,0.02,"Support;Tech","CRM;AI;WFM",5.0,1.00,4248000.00
122,2450,80,1464,30,0.02,"Support;Sales","CRM;AI;WFM",5.0,1.00,4320000.00
124,2490,78,1488,30,0.02,"Support;Tech","CRM;AI;WFM",5.0,1.00,4392000.00
126,2530,76,1512,30,0.02,"Support;Sales;Tech","CRM;AI;WFM",5.0,1.00,4464000.00
128,2570,74,1536,30,0.02,"Support;Tech","CRM;AI;WFM",5.0,1.00,4536000.00
130,2610,72,1560,30,0.02,"Support;Sales","CRM;AI;WFM",5.0,1.00,4608000.00
132,2650,70,1584,30,0.02,"Support;Tech","CRM;AI;WFM",5.0,1.00,4680000.00
134,2690,68,1608,30,0.02,"Support;Sales;Tech","CRM;AI;WFM",5.0,1.00,4752000.00
136,2730,66,1632,30,0.02,"Support;Tech","CRM;AI;WFM",5.0,1.00,4824000.00
138,2770,64,1656,30,0.02,"Support;Sales","CRM;AI;WFM",5.0,1.00,4896000.00
140,2810,62,1680,30,0.02,"Support;Tech","CRM;AI;WFM",5.0,1.00,4968000.00
6,240,360,90,85,0.20,"Support","CRM;IVR",4.0,0.60,86400.00
8,300,320,120,80,0.18,"Support;Sales","CRM;WFM",4.1,0.62,129600.00
10,360,300,150,75,0.17,"Support;Tech","CRM;AI",4.2,0.65,172800.00
12,420,280,180,70,0.16,"Support;Sales;Tech","CRM;AI;CTI",4.3,0.67,216000.00
14,480,260,210,68,0.15,"Support","CRM;WFM",4.3,0.68,259200.00
16,540,250,240,66,0.14,"Support;Tech","CRM;AI;WFM",4.4,0.69,302400.00
18,600,240,270,64,0.13,"Support;Sales","CRM;AI;WFM",4.4,0.70,345600.00
20,660,230,300,62,0.12,"Support;Tech","CRM;AI;WFM",4.5,0.71,388800.00
22,720,220,330,60,0.11,"Support;Sales;Tech","CRM;AI;WFM",4.5,0.72,432000.00
24,780,210,360,58,0.10,"Support","CRM;AI;WFM",4.6,0.73,475200.00
5,160,420,60,110,0.28,"Sales","None",3.7,0.46,57600.00
7,200,380,80,100,0.25,"Sales;Support","CRM",3.8,0.50,86400.00
9,240,350,100,95,0.23,"Support","CRM;Training",3.9,0.53,115200.00
11,280,330,120,90,0.21,"Support;Tech","CRM;IVR",4.0,0.55,144000.00
13,320,310,140,86,0.20,"Support;Sales","CRM;WFM",4.1,0.57,172800.00
15,360,295,160,82,0.19,"Support;Tech","CRM;AI",4.2,0.59,201600.00
17,400,285,180,80,0.18,"Support;Sales;Tech","CRM;AI;CTI",4.2,0.60,230400.00
19,440,275,200,78,0.17,"Support","CRM;AI;WFM",4.3,0.61,259200.00
21,480,265,220,76,0.16,"Support;Tech","CRM;AI;WFM",4.3,0.62,288000.00
23,520,255,240,74,0.15,"Support;Sales","CRM;AI;WFM",4.4,0.63,316800.00
4,120,480,45,120,0.30,"Sales","None",3.6,0.44,38400.00
6,180,420,75,105,0.26,"Sales;Support","None",3.8,0.49,86400.00
8,240,380,105,95,0.23,"Support","CRM",4.0,0.54,144000.00
10,300,350,135,88,0.21,"Support;Tech","CRM;IVR",4.1,0.57,216000.00
12,360,330,165,82,0.19,"Support;Sales","CRM;WFM",4.2,0.59,288000.00
14,420,310,195,78,0.18,"Support;Tech","CRM;AI",4.3,0.61,360000.00
16,480,295,225,75,0.17,"Support;Sales;Tech","CRM;AI;CTI",4.3,0.62,432000.00
18,540,285,255,72,0.16,"Support","CRM;AI;WFM",4.4,0.63,504000.00
20,600,275,285,70,0.15,"Support;Tech","CRM;AI;WFM",4.4,0.64,576000.00
22,660,265,315,68,0.14,"Support;Sales","CRM;AI;WFM",4.5,0.65,648000.00
3,90,600,30,140,0.35,"Sales","None",3.5,0.40,28800.00
5,150,520,60,115,0.28,"Sales;Support","None",3.7,0.47,72000.00
7,210,460,90,100,0.24,"Support","CRM",3.9,0.52,126000.00
9,270,420,120,92,0.22,"Support;Tech","CRM;IVR",4.0,0.55,162000.00
11,330,390,150,86,0.20,"Support;Sales","CRM;WFM",4.1,0.57,198000.00
13,390,360,180,80,0.19,"Support;Tech","CRM;AI",4.2,0.59,234000.00
15,450,340,210,76,0.18,"Support;Sales;Tech","CRM;AI;CTI",4.3,0.61,270000.00
17,510,320,240,72,0.17,"Support","CRM;AI;WFM",4.3,0.62,306000.00
19,570,305,270,70,0.16,"Support;Tech","CRM;AI;WFM",4.4,0.63,342000.00
21,630,295,300,68,0.15,"Support;Sales","CRM;AI;WFM",4.4,0.64,378000.00
6,200,410,80,108,0.25,"Sales","None",3.8,0.48,96000.00
8,260,370,110,98,0.22,"Support;Sales","CRM",4.0,0.53,156000.00
10,320,340,140,90,0.20,"Support;Tech","CRM;IVR",4.1,0.56,208000.00
12,380,320,170,84,0.19,"Support;Sales","CRM;WFM",4.2,0.58,260000.00
14,440,305,200,80,0.18,"Support;Tech","CRM;AI",4.3,0.60,312000.00
16,500,290,230,76,0.17,"Support;Sales;Tech","CRM;AI;CTI",4.3,0.61,364000.00
18,560,280,260,74,0.16,"Support","CRM;AI;WFM",4.4,0.62,416000.00
20,620,270,290,72,0.15,"Support;Tech","CRM;AI;WFM",4.4,0.63,468000.00
22,680,260,320,70,0.14,"Support;Sales","CRM;AI;WFM",4.5,0.64,520000.00
24,740,250,350,68,0.13,"Support;Tech","CRM;AI;WFM",4.5,0.65,572000.00
4,140,500,50,118,0.29,"Sales","None",3.6,0.45,56000.00
6,210,440,85,102,0.24,"Sales;Support","None",3.8,0.50,126000.00
8,280,400,120,94,0.21,"Support","CRM",4.0,0.54,192000.00
10,350,370,155,88,0.19,"Support;Tech","CRM;IVR",4.1,0.57,260000.00
12,420,350,190,82,0.18,"Support;Sales","CRM;WFM",4.2,0.59,328000.00
14,490,330,225,78,0.17,"Support;Tech","CRM;AI",4.3,0.61,396000.00
16,560,315,260,74,0.16,"Support;Sales;Tech","CRM;AI;CTI",4.3,0.62,464000.00
18,630,300,295,72,0.15,"Support","CRM;AI;WFM",4.4,0.63,532000.00
20,700,290,330,70,0.14,"Support;Tech","CRM;AI;WFM",4.4,0.64,600000.00
22,770,280,365,68,0.13,"Support;Sales","CRM;AI;WFM",4.5,0.65,668000.00
5,175,470,65,112,0.27,"Sales","None",3.7,0.46,87500.00
7,245,430,100,100,0.23,"Sales;Support","CRM",3.9,0.51,171500.00
9,315,390,135,92,0.21,"Support","CRM;Training",4.0,0.54,257000.00
11,385,360,170,86,0.19,"Support;Tech","CRM;IVR",4.1,0.56,343000.00
13,455,340,205,80,0.18,"Support;Sales","CRM;WFM",4.2,0.58,429000.00
15,525,320,240,76,0.17,"Support;Tech","CRM;AI",4.3,0.60,515000.00
17,595,305,275,74,0.16,"Support;Sales;Tech","CRM;AI;CTI",4.3,0.61,601000.00
19,665,295,310,72,0.15,"Support","CRM;AI;WFM",4.4,0.62,687000.00
21,735,285,345,70,0.14,"Support;Tech","CRM;AI;WFM",4.4,0.63,773000.00
23,805,275,380,68,0.13,"Support;Sales","CRM;AI;WFM",4.5,0.64,859000.00
6,240,360,90,86,0.20,"Support","CRM;IVR",4.0,0.60,86400.00
8,320,320,120,80,0.18,"Support;Sales","CRM;WFM",4.1,0.62,153600.00
10,400,300,150,75,0.17,"Support;Tech","CRM;AI",4.2,0.65,240000.00
12,480,280,180,70,0.16,"Support;Sales;Tech","CRM;AI;CTI",4.3,0.67,326400.00
14,560,260,210,68,0.15,"Support","CRM;WFM",4.3,0.68,412800.00
16,640,250,240,66,0.14,"Support;Tech","CRM;AI;WFM",4.4,0.69,499200.00
18,720,240,270,64,0.13,"Support;Sales","CRM;AI;WFM",4.4,0.70,585600.00
20,800,230,300,62,0.12,"Support;Tech","CRM;AI;WFM",4.5,0.71,672000.00
22,880,220,330,60,0.11,"Support;Sales;Tech","CRM;AI;WFM",4.5,0.72,758400.00
24,960,210,360,58,0.10,"Support","CRM;AI;WFM",4.6,0.73,844800.00
5,150,500,60,115,0.26,"Sales","None",3.7,0.48,75000.00
7,210,440,100,102,0.23,"Sales;Support","CRM",3.9,0.52,157500.00
9,270,400,140,94,0.21,"Support","CRM;Training",4.0,0.55,240000.00
11,330,370,180,88,0.19,"Support;Tech","CRM;IVR",4.1,0.57,322500.00
13,390,350,220,82,0.18,"Support;Sales","CRM;WFM",4.2,0.59,405000.00
15,450,330,260,78,0.17,"Support;Tech","CRM;AI",4.3,0.61,487500.00
17,510,315,300,74,0.16,"Support;Sales;Tech","CRM;AI;CTI",4.3,0.62,570000.00
19,570,300,340,72,0.15,"Support","CRM;AI;WFM",4.4,0.63,652500.00
21,630,290,380,70,0.14,"Support;Tech","CRM;AI;WFM",4.4,0.64,735000.00
23,690,280,420,68,0.13,"Support;Sales","CRM;AI;WFM",4.5,0.65,817500.00
3,45,720,20,140,0.50,"Sales","None",3.4,0.36,34560.00
4,60,680,25,135,0.46,"Sales;Support","None",3.5,0.38,46080.00
5,80,640,30,130,0.42,"Support","None",3.6,0.40,57600.00
6,100,600,35,125,0.38,"Support;Sales","CRM",3.7,0.43,72000.00
7,120,560,40,120,0.35,"Support;Tech","CRM",3.8,0.45,86400.00
8,140,520,45,115,0.33,"Support;Sales","CRM;IVR",3.9,0.48,100800.00
9,160,480,50,110,0.31,"Support;Tech","CRM;Training",4.0,0.50,115200.00
10,180,440,55,105,0.29,"Support;Sales;Tech","CRM;WFM",4.0,0.52,129600.00
11,200,420,60,100,0.28,"Support;Tech","CRM;AI",4.1,0.54,144000.00
12,220,400,65,98,0.27,"Support;Sales","CRM;AI;WFM",4.1,0.56,158400.00
13,240,380,70,96,0.26,"Support;Tech","CRM;AI;CTI",4.2,0.57,172800.00
14,260,360,75,94,0.25,"Support;Sales;Tech","CRM;AI;WFM",4.2,0.59,187200.00
15,280,340,80,92,0.24,"Support;Tech","CRM;AI;WFM",4.3,0.60,201600.00
16,300,320,85,90,0.23,"Support;Sales","CRM;AI;WFM",4.3,0.62,216000.00
17,320,310,90,88,0.22,"Support;Tech","WFM;CTI",4.3,0.63,230400.00
18,340,300,95,86,0.21,"Support;Sales;Tech","CRM;IVR",4.4,0.64,244800.00
19,360,290,100,84,0.20,"Support;Tech","CRM;Training",4.4,0.65,259200.00
20,380,280,105,82,0.19,"Support;Sales","CRM;AI",4.4,0.66,273600.00
21,400,270,110,80,0.18,"Support;Tech","CRM;AI;WFM",4.5,0.67,288000.00
22,420,260,115,78,0.17,"Support;Sales;Tech","CRM;AI;WFM",4.5,0.68,302400.00
23,440,250,120,76,0.16,"Support;Tech","CRM;AI;WFM",4.5,0.69,316800.00
24,460,240,125,74,0.15,"Support;Sales","CRM;AI;WFM",4.6,0.70,331200.00
25,480,230,130,72,0.14,"Support;Tech","CRM;AI;WFM",4.6,0.71,345600.00
26,500,220,135,70,0.14,"Support;Sales;Tech","CRM;AI;WFM",4.6,0.72,360000.00
27,520,210,140,68,0.13,"Support;Tech","CRM;AI;WFM",4.7,0.73,374400.00
28,540,200,145,66,0.12,"Support;Sales","CRM;AI;WFM",4.7,0.74,388800.00
29,560,195,150,65,0.12,"Support;Tech","CRM;AI;WFM",4.7,0.75,403200.00
30,580,190,155,64,0.11,"Support;Sales;Tech","CRM;AI;WFM",4.8,0.76,417600.00
31,600,185,160,63,0.11,"Support;Tech","CRM;AI;WFM",4.8,0.77,432000.00
32,620,180,165,62,0.10,"Support;Sales","CRM;AI;WFM",4.8,0.78,446400.00
33,640,175,170,61,0.10,"Support;Tech","CRM;AI;WFM",4.8,0.79,460800.00
34,660,170,175,60,0.09,"Support;Sales;Tech","CRM;AI;WFM",4.9,0.80,475200.00
35,680,165,180,59,0.09,"Support;Tech","CRM;AI;WFM",4.9,0.81,489600.00
36,700,160,185,58,0.09,"Support;Sales","CRM;AI;WFM",4.9,0.82,504000.00
37,720,155,190,57,0.08,"Support;Tech","CRM;AI;WFM",5.0,0.83,518400.00
38,740,150,195,56,0.08,"Support;Sales;Tech","CRM;AI;WFM",5.0,0.84,532800.00
39,760,148,200,55,0.08,"Support;Tech","CRM;AI;WFM",5.0,0.85,547200.00
40,780,146,205,54,0.07,"Support;Sales","CRM;AI;WFM",5.0,0.86,561600.00
41,800,144,210,53,0.07,"Support;Tech","CRM;AI;WFM",5.0,0.87,576000.00
42,820,142,215,52,0.07,"Support;Sales;Tech","CRM;AI;WFM",5.0,0.88,590400.00
43,840,140,220,51,0.06,"Support;Tech","CRM;AI;WFM",5.0,0.89,604800.00
44,860,138,225,50,0.06,"Support;Sales","CRM;AI;WFM",5.0,0.90,619200.00
45,880,136,230,49,0.06,"Support;Tech","CRM;AI;WFM",5.0,0.91,633600.00
46,900,134,235,48,0.06,"Support;Sales;Tech","CRM;AI;WFM",5.0,0.92,648000.00
47,920,132,240,47,0.05,"Support;Tech","CRM;AI;WFM",5.0,0.93,662400.00
48,940,130,245,46,0.05,"Support;Sales","CRM;AI;WFM",5.0,0.94,676800.00
49,960,128,250,45,0.05,"Support;Tech","CRM;AI;WFM",5.0,0.95,691200.00
50,980,126,255,44,0.05,"Support;Sales;Tech","CRM;AI;WFM",5.0,0.96,705600.00
51,1000,124,260,43,0.05,"Support;Tech","CRM;AI;WFM",5.0,0.97,720000.00
52,1020,122,265,42,0.04,"Support;Sales","CRM;AI;WFM",5.0,0.98,734400.00
53,1040,120,270,41,0.04,"Support;Tech","CRM;AI;WFM",5.0,0.99,748800.00
54,1060,118,275,40,0.04,"Support;Sales;Tech","CRM;AI;WFM",5.0,1.00,763200.00
55,1080,116,280,39,0.04,"Support;Tech","CRM;AI;WFM",5.0,1.00,777600.00
56,1100,114,285,38,0.04,"Support;Sales","CRM;AI;WFM",5.0,1.00,792000.00
57,1120,112,290,37,0.04,"Support;Tech","CRM;AI;WFM",5.0,1.00,806400.00
58,1140,110,295,36,0.03,"Support;Sales;Tech","CRM;AI;WFM",5.0,1.00,820800.00
59,1160,108,300,35,0.03,"Support;Tech","CRM;AI;WFM",5.0,1.00,835200.00
60,1180,106,305,34,0.03,"Support;Sales","CRM;AI;WFM",5.0,1.00,849600.00
61,1200,104,310,33,0.03,"Support;Tech","CRM;AI;WFM",5.0,1.00,864000.00
62,1220,102,315,32,0.03,"Support;Sales;Tech","CRM;AI;WFM",5.0,1.00,878400.00
63,1240,100,320,31,0.03,"Support;Tech","CRM;AI;WFM",5.0,1.00,892800.00
64,1260,98,325,30,0.03,"Support;Sales","CRM;AI;WFM",5.0,1.00,907200.00
65,1280,96,330,30,0.03,"Support;Tech","CRM;AI;WFM",5.0,1.00,921600.00
66,1300,94,335,30,0.03,"Support;Sales;Tech","CRM;AI;WFM",5.0,1.00,936000.00
67,1320,92,340,30,0.03,"Support;Tech","CRM;AI;WFM",5.0,1.00,950400.00
68,1340,90,345,30,0.03,"Support;Sales","CRM;AI;WFM",5.0,1.00,964800.00
69,1360,88,350,30,0.03,"Support;Tech","CRM;AI;WFM",5.0,1.00,979200.00
70,1380,86,355,30,0.03,"Support;Sales;Tech","CRM;AI;WFM",5.0,1.00,993600.00
71,1400,84,360,30,0.03,"Support;Tech","CRM;AI;WFM",5.0,1.00,1008000.00
72,1420,82,365,30,0.03,"Support;Sales","CRM;AI;WFM",5.0,1.00,1022400.00
73,1440,80,370,30,0.03,"Support;Tech","CRM;AI;WFM",5.0,1.00,1036800.00
74,1460,78,375,30,0.03,"Support;Sales;Tech","CRM;AI;WFM",5.0,1.00,1051200.00
75,1480,76,380,30,0.03,"Support;Tech","CRM;AI;WFM",5.0,1.00,1065600.00
76,1500,74,385,30,0.03,"Support;Sales","CRM;AI;WFM",5.0,1.00,1080000.00
77,1520,72,390,30,0.03,"Support;Tech","CRM;AI;WFM",5.0,1.00,1094400.00
78,1540,70,395,30,0.03,"Support;Sales;Tech","CRM;AI;WFM",5.0,1.00,1108800.00
79,1560,68,400,30,0.03,"Support;Tech","CRM;AI;WFM",5.0,1.00,1123200.00
80,1580,66,405,30,0.03,"Support;Sales","CRM;AI;WFM",5.0,1.00,1137600.00
81,1600,64,410,30,0.03,"Support;Tech","CRM;AI;WFM",5.0,1.00,1152000.00
82,1620,62,415,30,0.03,"Support;Sales;Tech","CRM;AI;WFM",5.0,1.00,1166400.00
83,1640,60,420,30,0.03,"Support;Tech","CRM;AI;WFM",5.0,1.00,1180800.00
84,1660,58,425,30,0.03,"Support;Sales","CRM;AI;WFM",5.0,1.00,1195200.00
85,1680,56,430,30,0.03,"Support;Tech","CRM;AI;WFM",5.0,1.00,1209600.00
86,1700,54,435,30,0.03,"Support;Sales;Tech","CRM;AI;WFM",5.0,1.00,1224000.00
87,1720,52,440,30,0.03,"Support;Tech","CRM;AI;WFM",5.0,1.00,1238400.00
88,1740,50,445,30,0.03,"Support;Sales","CRM;AI;WFM",5.0,1.00,1252800.00
89,1760,48,450,30,0.03,"Support;Tech","CRM;AI;WFM",5.0,1.00,1267200.00
90,1780,46,455,30,0.03,"Support;Sales;Tech","CRM;AI;WFM",5.0,1.00,1281600.00
91,1800,44,460,30,0.03,"Support;Tech","CRM;AI;WFM",5.0,1.00,1296000.00
92,1820,42,465,30,0.03,"Support;Sales","CRM;AI;WFM",5.0,1.00,1310400.00
93,1840,40,470,30,0.03,"Support;Tech","CRM;AI;WFM",5.0,1.00,1324800.00
94,1860,38,475,30,0.03,"Support;Sales;Tech","CRM;AI;WFM",5.0,1.00,1339200.00
95,1880,36,480,30,0.03,"Support;Tech","CRM;AI;WFM",5.0,1.00,1353600.00
96,1900,34,485,30,0.03,"Support;Sales","CRM;AI;WFM",5.0,1.00,1368000.00
97,1920,32,490,30,0.03,"Support;Tech","CRM;AI;WFM",5.0,1.00,1382400.00
98,1940,30,495,30,0.03,"Support;Sales;Tech","CRM;AI;WFM",5.0,1.00,1396800.00
99,1960,28,500,30,0.03,"Support;Tech","CRM;AI;WFM",5.0,1.00,1411200.00
100,1980,26,505,30,0.03,"Support;Sales","CRM;AI;WFM",5.0,1.00,1425600.00
6,240,360,90,85,0.20,"Support","CRM;IVR",4.0,0.60,86400.00
8,300,320,120,80,0.18,"Support;Sales","CRM;WFM",4.1,0.62,129600.00
10,360,300,150,75,0.17,"Support;Tech","CRM;AI",4.2,0.65,172800.00
12,420,280,180,70,0.16,"Support;Sales;Tech","CRM;AI;CTI",4.3,0.67,216000.00
14,480,260,210,68,0.15,"Support","CRM;WFM",4.3,0.68,259200.00
16,540,250,240,66,0.14,"Support;Tech","CRM;AI;WFM",4.4,0.69,302400.00
18,600,240,270,64,0.13,"Support;Sales","CRM;AI;WFM",4.4,0.70,345600.00
20,660,230,300,62,0.12,"Support;Tech","CRM;AI;WFM",4.5,0.71,388800.00
22,720,220,330,60,0.11,"Support;Sales;Tech","CRM;AI;WFM",4.5,0.72,432000.00
24,780,210,360,58,0.10,"Support","CRM;AI;WFM",4.6,0.73,475200.00
5,160,420,60,110,0.28,"Sales","None",3.7,0.46,57600.00
7,200,380,80,100,0.25,"Sales;Support","CRM",3.8,0.50,86400.00
9,240,350,100,95,0.23,"Support","CRM;Training",3.9,0.53,115200.00
11,280,330,120,90,0.21,"Support;Tech","CRM;IVR",4.0,0.55,144000.00
13,320,310,140,86,0.20,"Support;Sales","CRM;WFM",4.1,0.57,172800.00
15,360,295,160,82,0.19,"Support;Tech","CRM;AI",4.2,0.59,201600.00
17,400,285,180,80,0.18,"Support;Sales;Tech","CRM;AI;CTI",4.2,0.60,230400.00
19,440,275,200,78,0.17,"Support","CRM;AI;WFM",4.3,0.61,259200.00
21,480,265,220,76,0.16,"Support;Tech","CRM;AI;WFM",4.3,0.62,288000.00
23,520,255,240,74,0.15,"Support;Sales","CRM;AI;WFM",4.4,0.63,316800.00
4,120,480,45,120,0.30,"Sales","None",3.6,0.44,38400.00
6,180,420,75,105,0.26,"Sales;Support","None",3.8,0.49,86400.00
8,240,380,105,95,0.23,"Support","CRM",4.0,0.54,144000.00
10,300,350,135,88,0.21,"Support;Tech","CRM;IVR",4.1,0.57,216000.00
12,360,330,165,82,0.19,"Support;Sales","CRM;WFM",4.2,0.59,288000.00
14,420,310,195,78,0.18,"Support;Tech","CRM;AI",4.3,0.61,360000.00
16,480,295,225,75,0.17,"Support;Sales;Tech","CRM;AI;CTI",4.3,0.62,432000.00
18,540,285,255,72,0.16,"Support","CRM;AI;WFM",4.4,0.63,504000.00
20,600,275,285,70,0.15,"Support;Tech","CRM;AI;WFM",4.4,0.64,576000.00
22,660,265,315,68,0.14,"Support;Sales","CRM;AI;WFM",4.5,0.65,648000.00
3,90,600,30,140,0.35,"Sales","None",3.5,0.40,28800.00
5,150,520,60,115,0.28,"Sales;Support","None",3.7,0.47,72000.00
7,210,460,90,100,0.24,"Support","CRM",3.9,0.52,126000.00
9,270,420,120,92,0.22,"Support;Tech","CRM;IVR",4.0,0.55,162000.00
11,330,390,150,86,0.20,"Support;Sales","CRM;WFM",4.1,0.57,198000.00
13,390,360,180,80,0.19,"Support;Tech","CRM;AI",4.2,0.59,234000.00
15,450,340,210,76,0.18,"Support;Sales;Tech","CRM;AI;CTI",4.3,0.61,270000.00
17,510,320,240,72,0.17,"Support","CRM;AI;WFM",4.3,0.62,306000.00
19,570,305,270,70,0.16,"Support;Tech","CRM;AI;WFM",4.4,0.63,342000.00
21,630,295,300,68,0.15,"Support;Sales","CRM;AI;WFM",4.4,0.64,378000.00
6,200,410,80,108,0.25,"Sales","None",3.8,0.48,96000.00
8,260,370,110,98,0.22,"Support;Sales","CRM",4.0,0.53,156000.00
10,320,340,140,90,0.20,"Support;Tech","CRM;IVR",4.1,0.56,208000.00
12,380,320,170,84,0.19,"Support;Sales","CRM;WFM",4.2,0.58,260000.00
14,440,305,200,80,0.18,"Support;Tech","CRM;AI",4.3,0.60,312000.00
16,500,290,230,76,0.17,"Support;Sales;Tech","CRM;AI;CTI",4.3,0.61,364000.00
18,560,280,260,74,0.16,"Support","CRM;AI;WFM",4.4,0.62,416000.00
20,620,270,290,72,0.15,"Support;Tech","CRM;AI;WFM",4.4,0.63,468000.00
22,680,260,320,70,0.14,"Support;Sales","CRM;AI;WFM",4.5,0.64,520000.00
24,740,250,350,68,0.13,"Support;Tech","CRM;AI;WFM",4.5,0.65,572000.00
4,140,500,50,118,0.29,"Sales","None",3.6,0.45,56000.00
6,210,440,85,102,0.24,"Sales;Support","None",3.8,0.50,126000.00
8,280,400,120,94,0.21,"Support","CRM",4.0,0.54,192000.00
10,350,370,155,88,0.19,"Support;Tech","CRM;IVR",4.1,0.57,260000.00
12,420,350,190,82,0.18,"Support;Sales","CRM;WFM",4.2,0.59,328000.00
14,490,330,225,78,0.17,"Support;Tech","CRM;AI",4.3,0.61,396000.00
16,560,315,260,74,0.16,"Support;Sales;Tech","CRM;AI;CTI",4.3,0.62,464000.00
18,630,300,295,72,0.15,"Support","CRM;AI;WFM",4.4,0.63,532000.00
20,700,290,330,70,0.14,"Support;Tech","CRM;AI;WFM",4.4,0.64,600000.00
22,770,280,365,68,0.13,"Support;Sales","CRM;AI;WFM",4.5,0.65,668000.00
5,175,470,65,112,0.27,"Sales","None",3.7,0.46,87500.00
7,245,430,100,100,0.23,"Sales;Support","CRM",3.9,0.51,171500.00
9,315,390,135,92,0.21,"Support","CRM;Training",4.0,0.54,257000.00
11,385,360,170,86,0.19,"Support;Tech","CRM;IVR",4.1,0.56,343000.00
13,455,340,205,80,0.18,"Support;Sales","CRM;WFM",4.2,0.58,429000.00
15,525,320,240,76,0.17,"Support;Tech","CRM;AI",4.3,0.60,515000.00
17,595,305,275,74,0.16,"Support;Sales;Tech","CRM;AI;CTI",4.3,0.61,601000.00
19,665,295,310,72,0.15,"Support","CRM;AI;WFM",4.4,0.62,687000.00
21,735,285,345,70,0.14,"Support;Tech","CRM;AI;WFM",4.4,0.63,773000.00
23,805,275,380,68,0.13,"Support;Sales","CRM;AI;WFM",4.5,0.64,859000.00
6,240,360,90,86,0.20,"Support","CRM;IVR",4.0,0.60,86400.00
8,320,320,120,80,0.18,"Support;Sales","CRM;WFM",4.1,0.62,153600.00
10,400,300,150,75,0.17,"Support;Tech","CRM;AI",4.2,0.65,240000.00
12,480,280,180,70,0.16,"Support;Sales;Tech","CRM;AI;CTI",4.3,0.67,326400.00
14,560,260,210,68,0.15,"Support","CRM;WFM",4.3,0.68,412800.00
16,640,250,240,66,0.14,"Support;Tech","CRM;AI;WFM",4.4,0.69,499200.00
18,720,240,270,64,0.13,"Support;Sales","CRM;AI;WFM",4.4,0.70,585600.00
20,800,230,300,62,0.12,"Support;Tech","CRM;AI;WFM",4.5,0.71,672000.00
22,880,220,330,60,0.11,"Support;Sales;Tech","CRM;AI;WFM",4.5,0.72,758400.00
24,960,210,360,58,0.10,"Support","CRM;AI;WFM",4.6,0.73,844800.00
5,150,500,60,115,0.26,"Sales","None",3.7,0.48,75000.00
7,210,440,100,102,0.23,"Sales;Support","CRM",3.9,0.52,157500.00
9,270,400,140,94,0.21,"Support","CRM;Training",4.0,0.55,240000.00
11,330,370,180,88,0.19,"Support;Tech","CRM;IVR",4.1,0.57,322500.00
13,390,350,220,82,0.18,"Support;Sales","CRM;WFM",4.2,0.59,405000.00
15,450,330,260,78,0.17,"Support;Tech","CRM;AI",4.3,0.61,487500.00
17,510,315,300,74,0.16,"Support;Sales;Tech","CRM;AI;CTI",4.3,0.62,570000.00
19,570,300,340,72,0.15,"Support","CRM;AI;WFM",4.4,0.63,652500.00
21,630,290,380,70,0.14,"Support;Tech","CRM;AI;WFM",4.4,0.64,735000.00
23,690,280,420,68,0.13,"Support;Sales","CRM;AI;WFM",4.5,0.65,817500.00
6,230,350,92,86,0.21,"Support;Sales","CRM;IVR",4.1,0.65,138240.00
8,290,320,118,80,0.19,"Support;Tech","CRM;WFM",4.2,0.67,184320.00
10,350,300,145,76,0.18,"Support;Sales","CRM;AI",4.3,0.69,230400.00
12,410,285,172,72,0.17,"Support;Tech","CRM;AI;CTI",4.3,0.70,276480.00
14,470,270,199,70,0.16,"Support;Sales;Tech","CRM;AI;WFM",4.4,0.71,322560.00
16,530,260,226,68,0.15,"Support;Tech","CRM;WFM",4.4,0.72,368640.00
18,590,250,253,66,0.14,"Support;Sales","CRM;Training",4.4,0.73,414720.00
20,650,240,280,64,0.13,"Support;Tech","CRM;AI",4.5,0.74,460800.00
22,710,235,307,62,0.12,"Support;Sales;Tech","CRM;AI;WFM",4.5,0.75,506880.00
24,770,230,334,60,0.12,"Support;Tech","CRM;AI;CTI",4.6,0.76,552960.00
5,140,480,48,112,0.28,"Sales","None",3.6,0.44,67200.00
7,200,420,84,100,0.24,"Sales;Support","CRM",3.8,0.50,134400.00
9,260,380,120,92,0.22,"Support","CRM;Training",4.0,0.54,201600.00
11,320,350,156,88,0.20,"Support;Tech","CRM;IVR",4.1,0.56,268800.00
13,380,330,192,84,0.19,"Support;Sales","CRM;WFM",4.2,0.58,336000.00
15,440,315,228,80,0.18,"Support;Tech","CRM;AI",4.3,0.60,403200.00
17,500,300,264,78,0.17,"Support;Sales;Tech","CRM;AI;CTI",4.3,0.61,470400.00
19,560,290,300,76,0.16,"Support;Tech","CRM;AI;WFM",4.4,0.62,537600.00
21,620,280,336,74,0.15,"Support;Sales","CRM;AI;WFM",4.4,0.63,604800.00
23,680,270,372,72,0.14,"Support;Tech","CRM;AI;WFM",4.5,0.64,672000.00
4,110,540,36,125,0.31,"Sales","None",3.5,0.42,52800.00
6,170,480,72,110,0.27,"Sales;Support","None",3.7,0.47,105600.00
8,230,430,108,100,0.24,"Support","CRM",3.9,0.52,158400.00
10,290,390,144,92,0.22,"Support;Tech","CRM;IVR",4.0,0.55,211200.00
12,350,360,180,86,0.20,"Support;Sales","CRM;WFM",4.1,0.57,264000.00
14,410,340,216,82,0.19,"Support;Tech","CRM;AI",4.2,0.59,316800.00
16,470,325,252,78,0.18,"Support;Sales;Tech","CRM;AI;CTI",4.3,0.60,369600.00
18,530,310,288,75,0.17,"Support;Tech","CRM;AI;WFM",4.3,0.61,422400.00
20,590,300,324,72,0.16,"Support;Sales","CRM;AI;WFM",4.4,0.62,475200.00
22,650,290,360,70,0.15,"Support;Tech","CRM;AI;WFM",4.4,0.63,528000.00
3,85,620,28,138,0.36,"Sales","None",3.4,0.39,40800.00
5,145,540,64,118,0.29,"Sales;Support","None",3.7,0.46,116000.00
7,205,480,100,102,0.25,"Support","CRM",3.9,0.51,174000.00
9,265,440,136,96,0.23,"Support;Tech","CRM;IVR",4.0,0.54,232000.00
11,325,410,172,90,0.21,"Support;Sales","CRM;WFM",4.1,0.56,290000.00
13,385,385,208,86,0.20,"Support;Tech","CRM;AI",4.2,0.58,348000.00
15,445,365,244,82,0.19,"Support;Sales;Tech","CRM;AI;CTI",4.3,0.60,406000.00
17,505,350,280,78,0.18,"Support;Tech","CRM;AI;WFM",4.3,0.61,464000.00
19,565,335,316,76,0.17,"Support;Sales","CRM;AI;WFM",4.4,0.62,522000.00
21,625,320,352,74,0.16,"Support;Tech","CRM;AI;WFM",4.4,0.63,580000.00
6,200,430,80,106,0.26,"Sales","None",3.8,0.49,120000.00
8,260,390,120,96,0.23,"Support;Sales","CRM",4.0,0.53,180000.00
10,320,360,160,90,0.21,"Support;Tech","CRM;IVR",4.1,0.56,240000.00
12,380,340,200,84,0.19,"Support;Sales","CRM;WFM",4.2,0.58,300000.00
14,440,325,240,80,0.18,"Support;Tech","CRM;AI",4.3,0.60,360000.00
16,500,310,280,76,0.17,"Support;Sales;Tech","CRM;AI;CTI",4.3,0.61,420000.00
18,560,300,320,74,0.16,"Support;Tech","CRM;AI;WFM",4.4,0.62,480000.00
20,620,290,360,72,0.15,"Support;Sales","CRM;AI;WFM",4.4,0.63,540000.00
22,680,280,400,70,0.14,"Support;Tech","CRM;AI;WFM",4.5,0.64,600000.00
24,740,270,440,68,0.13,"Support;Sales;Tech","CRM;AI;WFM",4.5,0.65,660000.00
4,130,500,52,116,0.30,"Sales","None",3.6,0.45,78000.00
6,190,450,88,102,0.26,"Sales;Support","None",3.8,0.50,144000.00
8,250,410,124,94,0.23,"Support","CRM",4.0,0.54,210000.00
10,310,380,160,88,0.21,"Support;Tech","CRM;IVR",4.1,0.57,276000.00
12,370,355,196,82,0.19,"Support;Sales","CRM;WFM",4.2,0.59,342000.00
14,430,335,232,78,0.18,"Support;Tech","CRM;AI",4.3,0.61,408000.00
16,490,320,268,74,0.17,"Support;Sales;Tech","CRM;AI;CTI",4.3,0.62,474000.00
18,550,305,304,72,0.16,"Support;Tech","CRM;AI;WFM",4.4,0.63,540000.00
20,610,295,340,70,0.15,"Support;Sales","CRM;AI;WFM",4.4,0.64,606000.00
22,670,285,376,68,0.14,"Support;Tech","CRM;AI;WFM",4.5,0.65,672000.00
3,95,620,30,140,0.35,"Sales","None",3.5,0.40,45600.00
5,155,540,66,118,0.29,"Sales;Support","None",3.7,0.46,124800.00
7,215,480,102,102,0.25,"Support","CRM",3.9,0.51,183600.00
9,275,440,138,96,0.23,"Support;Tech","CRM;IVR",4.0,0.54,242400.00
11,335,410,174,90,0.21,"Support;Sales","CRM;WFM",4.1,0.56,301200.00
13,395,385,210,86,0.20,"Support;Tech","CRM;AI",4.2,0.58,360000.00
15,455,365,246,82,0.19,"Support;Sales;Tech","CRM;AI;CTI",4.3,0.60,418800.00
17,515,350,282,78,0.18,"Support;Tech","CRM;AI;WFM",4.3,0.61,477600.00
19,575,335,318,76,0.17,"Support;Sales","CRM;AI;WFM",4.4,0.62,536400.00
21,635,320,354,74,0.16,"Support;Tech","CRM;AI;WFM",4.4,0.63,595200.00
6,210,420,84,104,0.25,"Sales","None",3.8,0.48,168000.00
8,270,380,120,96,0.22,"Support;Sales","CRM",4.0,0.53,216000.00
10,330,350,156,90,0.20,"Support;Tech","CRM;IVR",4.1,0.56,264000.00
12,390,330,192,84,0.19,"Support;Sales","CRM;WFM",4.2,0.58,312000.00
14,450,315,228,80,0.18,"Support;Tech","CRM;AI",4.3,0.60,360000.00
16,510,300,264,76,0.17,"Support;Sales;Tech","CRM;AI;CTI",4.3,0.61,408000.00
18,570,290,300,74,0.16,"Support;Tech","CRM;AI;WFM",4.4,0.62,456000.00
20,630,280,336,72,0.15,"Support;Sales","CRM;AI;WFM",4.4,0.63,504000.00
22,690,270,372,70,0.14,"Support;Tech","CRM;AI;WFM",4.5,0.64,552000.00
24,750,260,408,68,0.13,"Support;Sales;Tech","CRM;AI;WFM",4.5,0.65,600000.00
5,170,470,68,112,0.27,"Sales","None",3.7,0.46,136000.00
7,230,430,104,100,0.24,"Sales;Support","CRM",3.9,0.51,184000.00
9,290,390,140,92,0.22,"Support","CRM;Training",4.0,0.54,232000.00
11,350,360,176,86,0.20,"Support;Tech","CRM;IVR",4.1,0.56,280000.00
13,410,340,212,82,0.19,"Support;Sales","CRM;WFM",4.2,0.58,328000.00
15,470,320,248,78,0.18,"Support;Tech","CRM;AI",4.3,0.60,376000.00
17,530,305,284,74,0.17,"Support;Sales;Tech","CRM;AI;CTI",4.3,0.61,424000.00
19,590,295,320,72,0.16,"Support;Tech","CRM;AI;WFM",4.4,0.62,472000.00
21,650,285,356,70,0.15,"Support;Sales","CRM;AI;WFM",4.4,0.63,520000.00
23,710,275,392,68,0.14,"Support;Tech","CRM;AI;WFM",4.5,0.64,568000.00
6,220,360,92,86,0.21,"Support;Sales","CRM;IVR",4.1,0.65,138240.00
8,280,330,118,80,0.19,"Support;Tech","CRM;WFM",4.2,0.67,184320.00
10,340,305,145,76,0.18,"Support;Sales","CRM;AI",4.3,0.69,230400.00
12,400,290,172,72,0.17,"Support;Tech","CRM;AI;CTI",4.3,0.70,276480.00
14,460,275,199,70,0.16,"Support;Sales;Tech","CRM;AI;WFM",4.4,0.71,322560.00
16,520,260,226,68,0.15,"Support;Tech","CRM;WFM",4.4,0.72,368640.00
18,580,245,253,66,0.14,"Support;Sales","CRM;Training",4.4,0.73,414720.00
20,640,235,280,64,0.13,"Support;Tech","CRM;AI",4.5,0.74,460800.00
22,700,230,307,62,0.12,"Support;Sales;Tech","CRM;AI;WFM",4.5,0.75,506880.00
24,760,225,334,60,0.12,"Support;Tech","CRM;AI;CTI",4.6,0.76,552960.00
5,150,480,48,112,0.28,"Sales","None",3.6,0.44,67200.00
7,210,420,84,100,0.24,"Sales;Support","CRM",3.8,0.50,134400.00
9,270,380,120,92,0.22,"Support","CRM;Training",4.0,0.54,201600.00
11,330,350,156,88,0.20,"Support;Tech","CRM;IVR",4.1,0.56,268800.00
13,390,330,192,84,0.19,"Support;Sales","CRM;WFM",4.2,0.58,336000.00
15,450,315,228,80,0.18,"Support;Tech","CRM;AI",4.3,0.60,403200.00
17,510,300,264,78,0.17,"Support;Sales;Tech","CRM;AI;CTI",4.3,0.61,470400.00
19,570,285,300,76,0.16,"Support;Tech","CRM;AI;WFM",4.4,0.62,537600.00
21,630,275,336,74,0.15,"Support;Sales","CRM;AI;WFM",4.4,0.63,604800.00
23,690,265,372,72,0.14,"Support;Tech","CRM;AI;WFM",4.5,0.64,672000.00
4,110,540,36,125,0.31,"Sales","None",3.5,0.42,52800.00
6,170,480,72,110,0.27,"Sales;Support","None",3.7,0.47,105600.00
8,230,430,108,100,0.24,"Support","CRM",3.9,0.52,158400.00
10,290,390,144,92,0.22,"Support;Tech","CRM;IVR",4.0,0.55,211200.00
12,350,360,180,86,0.20,"Support;Sales","CRM;WFM",4.1,0.57,264000.00
14,410,340,216,82,0.19,"Support;Tech","CRM;AI",4.2,0.59,316800.00
16,470,325,252,78,0.18,"Support;Sales;Tech","CRM;AI;CTI",4.3,0.60,369600.00
18,530,310,288,75,0.17,"Support;Tech","CRM;AI;WFM",4.3,0.61,422400.00
20,590,300,324,72,0.16,"Support;Sales","CRM;AI;WFM",4.4,0.62,475200.00
22,650,290,360,70,0.15,"Support;Tech","CRM;AI;WFM",4.4,0.63,528000.00
3,85,620,28,138,0.36,"Sales","None",3.4,0.39,40800.00
5,145,540,64,118,0.29,"Sales;Support","None",3.7,0.46,116000.00
7,205,480,100,102,0.25,"Support","CRM",3.9,0.51,174000.00
9,265,440,136,96,0.23,"Support;Tech","CRM;IVR",4.0,0.54,232000.00
11,325,410,172,90,0.21,"Support;Sales","CRM;WFM",4.1,0.56,290000.00
13,385,385,208,86,0.20,"Support;Tech","CRM;AI",4.2,0.58,348000.00
15,445,365,244,82,0.19,"Support;Sales;Tech","CRM;AI;CTI",4.3,0.60,406000.00
17,505,350,280,78,0.18,"Support;Tech","CRM;AI;WFM",4.3,0.61,464000.00
19,565,335,316,76,0.17,"Support;Sales","CRM;AI;WFM",4.4,0.62,522000.00
21,625,320,352,74,0.16,"Support;Tech","CRM;AI;WFM",4.4,0.63,580000.00
6,200,430,84,106,0.25,"Sales","None",3.8,0.48,96000.00
8,260,390,120,96,0.22,"Support;Sales","CRM",4.0,0.53,156000.00
10,320,360,156,90,0.20,"Support;Tech","CRM;IVR",4.1,0.56,208000.00
12,380,340,192,84,0.19,"Support;Sales","CRM;WFM",4.2,0.58,260000.00
14,440,325,228,80,0.18,"Support;Tech","CRM;AI",4.3,0.60,312000.00
16,500,310,264,76,0.17,"Support;Sales;Tech","CRM;AI;CTI",4.3,0.61,364000.00
18,560,295,300,74,0.16,"Support;Tech","CRM;AI;WFM",4.4,0.62,416000.00
20,620,285,336,72,0.15,"Support;Sales","CRM;AI;WFM",4.4,0.63,468000.00
22,680,275,372,70,0.14,"Support;Tech","CRM;AI;WFM",4.5,0.64,520000.00
24,740,265,408,68,0.13,"Support;Sales;Tech","CRM;AI;WFM",4.5,0.65,572000.00
4,130,500,52,116,0.30,"Sales","None",3.6,0.45,78000.00
6,190,450,88,102,0.26,"Sales;Support","None",3.8,0.50,144000.00
8,250,410,124,94,0.23,"Support","CRM",4.0,0.54,210000.00
10,310,380,160,88,0.21,"Support;Tech","CRM;IVR",4.1,0.57,276000.00
12,370,355,196,82,0.19,"Support;Sales","CRM;WFM",4.2,0.59,342000.00
14,430,335,232,78,0.18,"Support;Tech","CRM;AI",4.3,0.61,408000.00
16,490,320,268,74,0.17,"Support;Sales;Tech","CRM;AI;CTI",4.3,0.62,474000.00
18,550,305,304,72,0.16,"Support;Tech","CRM;AI;WFM",4.4,0.63,540000.00
20,610,295,340,70,0.15,"Support;Sales","CRM;AI;WFM",4.4,0.64,606000.00
22,670,285,376,68,0.14,"Support;Tech","CRM;AI;WFM",4.5,0.65,672000.00
3,95,620,30,140,0.35,"Sales","None",3.5,0.40,45600.00
5,155,540,66,118,0.29,"Sales;Support","None",3.7,0.46,124800.00
7,215,480,102,102,0.25,"Support","CRM",3.9,0.51,183600.00
9,275,440,138,96,0.23,"Support;Tech","CRM;IVR",4.0,0.54,242400.00
11,335,410,174,90,0.21,"Support;Sales","CRM;WFM",4.1,0.56,301200.00
13,395,385,210,86,0.20,"Support;Tech","CRM;AI",4.2,0.58,360000.00
15,455,365,246,82,0.19,"Support;Sales;Tech","CRM;AI;CTI",4.3,0.60,418800.00
17,515,350,282,78,0.18,"Support;Tech","CRM;AI;WFM",4.3,0.61,477600.00
19,575,335,318,76,0.17,"Support;Sales","CRM;AI;WFM",4.4,0.62,536400.00
21,635,320,354,74,0.16,"Support;Tech","CRM;AI;WFM",4.4,0.63,595200.00
6,210,420,84,104,0.25,"Sales","None",3.8,0.48,168000.00
8,270,380,120,96,0.22,"Support;Sales","CRM",4.0,0.53,216000.00
10,330,350,156,90,0.20,"Support;Tech","CRM;IVR",4.1,0.56,264000.00
12,390,330,192,84,0.19,"Support;Sales","CRM;WFM",4.2,0.58,312000.00
14,450,315,228,80,0.18,"Support;Tech","CRM;AI",4.3,0.60,360000.00
16,510,300,264,76,0.17,"Support;Sales;Tech","CRM;AI;CTI",4.3,0.61,408000.00
18,570,290,300,74,0.16,"Support;Tech","CRM;AI;WFM",4.4,0.62,456000.00
20,630,280,336,72,0.15,"Support;Sales","CRM;AI;WFM",4.4,0.63,504000.00
22,690,270,372,70,0.14,"Support;Tech","CRM;AI;WFM",4.5,0.64,552000.00
24,750,260,408,68,0.13,"Support;Sales;Tech","CRM;AI;WFM",4.5,0.65,600000.00
6,220,340,95,85,0.21,"Support;Sales","CRM;IVR",4.1,0.66,151200.00
8,300,320,120,80,0.19,"Support;Tech","CRM;WFM",4.2,0.68,201600.00
10,360,300,150,75,0.18,"Support;Sales;Tech","CRM;AI",4.3,0.70,252000.00
12,420,285,180,72,0.17,"Support;Tech","CRM;AI;CTI",4.3,0.71,302400.00
14,480,270,210,70,0.16,"Support;Sales","CRM;WFM",4.4,0.72,352800.00
16,540,260,240,68,0.15,"Support;Tech","CRM;AI;WFM",4.4,0.73,403200.00
18,600,250,270,66,0.14,"Support;Sales;Tech","CRM;AI;WFM",4.5,0.74,453600.00
20,660,240,300,64,0.13,"Support;Tech","CRM;AI;WFM",4.5,0.75,504000.00
22,720,230,330,62,0.12,"Support;Sales","CRM;AI;WFM",4.6,0.76,554400.00
24,780,220,360,60,0.11,"Support;Tech","CRM;AI;WFM",4.6,0.77,604800.00
5,160,480,60,110,0.27,"Sales","None",3.7,0.47,72000.00
7,200,440,90,102,0.24,"Sales;Support","CRM",3.9,0.51,126000.00
9,240,400,120,94,0.22,"Support","CRM;Training",4.0,0.54,180000.00
11,280,370,150,88,0.20,"Support;Tech","CRM;IVR",4.1,0.56,234000.00
13,320,350,180,84,0.19,"Support;Sales","CRM;WFM",4.2,0.58,288000.00
15,360,335,210,80,0.18,"Support;Tech","CRM;AI",4.3,0.60,342000.00
17,400,320,240,76,0.17,"Support;Sales;Tech","CRM;AI;CTI",4.3,0.61,396000.00
19,440,305,270,74,0.16,"Support","CRM;AI;WFM",4.4,0.62,450000.00
21,480,295,300,72,0.15,"Support;Tech","CRM;AI;WFM",4.4,0.63,504000.00
23,520,285,330,70,0.14,"Support;Sales","CRM;AI;WFM",4.5,0.64,558000.00
4,120,520,48,118,0.30,"Sales","None",3.6,0.45,57600.00
6,180,460,80,105,0.26,"Sales;Support","None",3.8,0.50,115200.00
8,240,420,112,96,0.23,"Support","CRM",4.0,0.54,172800.00
10,300,390,144,90,0.21,"Support;Tech","CRM;IVR",4.1,0.57,230400.00
12,360,365,176,84,0.19,"Support;Sales","CRM;WFM",4.2,0.59,288000.00
14,420,345,208,80,0.18,"Support;Tech","CRM;AI",4.3,0.61,345600.00
16,480,330,240,76,0.17,"Support;Sales;Tech","CRM;AI;CTI",4.3,0.62,403200.00
18,540,315,272,74,0.16,"Support;Tech","CRM;AI;WFM",4.4,0.63,460800.00
20,600,300,304,72,0.15,"Support;Sales","CRM;AI;WFM",4.4,0.64,518400.00
22,660,290,336,70,0.14,"Support;Tech","CRM;AI;WFM",4.5,0.65,576000.00
3,85,640,28,138,0.36,"Sales","None",3.5,0.40,40800.00
5,145,560,64,118,0.29,"Sales;Support","None",3.7,0.46,116000.00
7,205,500,100,102,0.25,"Support","CRM",3.9,0.51,174000.00
9,265,460,136,96,0.23,"Support;Tech","CRM;IVR",4.0,0.54,232000.00
11,325,430,172,90,0.21,"Support;Sales","CRM;WFM",4.1,0.56,290000.00
13,385,405,208,86,0.20,"Support;Tech","CRM;AI",4.2,0.58,348000.00
15,445,385,244,82,0.19,"Support;Sales;Tech","CRM;AI;CTI",4.3,0.60,406000.00
17,505,370,280,78,0.18,"Support;Tech","CRM;AI;WFM",4.3,0.61,464000.00
19,565,355,316,76,0.17,"Support;Sales","CRM;AI;WFM",4.4,0.62,522000.00
21,625,340,352,74,0.16,"Support;Tech","CRM;AI;WFM",4.4,0.63,580000.00
6,200,430,84,106,0.25,"Sales","None",3.8,0.48,96000.00
8,260,390,120,96,0.22,"Support;Sales","CRM",4.0,0.53,156000.00
10,320,360,156,90,0.20,"Support;Tech","CRM;IVR",4.1,0.56,208000.00
12,380,340,192,84,0.19,"Support;Sales","CRM;WFM",4.2,0.58,260000.00
14,440,325,228,80,0.18,"Support;Tech","CRM;AI",4.3,0.60,312000.00
16,500,310,264,76,0.17,"Support;Sales;Tech","CRM;AI;CTI",4.3,0.61,364000.00
18,560,295,300,74,0.16,"Support;Tech","CRM;AI;WFM",4.4,0.62,416000.00
20,620,285,336,72,0.15,"Support;Sales","CRM;AI;WFM",4.4,0.63,468000.00
22,680,275,372,70,0.14,"Support;Tech","CRM;AI;WFM",4.5,0.64,520000.00
24,740,265,408,68,0.13,"Support;Sales;Tech","CRM;AI;WFM",4.5,0.65,572000.00
4,130,500,52,116,0.30,"Sales","None",3.6,0.45,78000.00
6,190,450,88,102,0.26,"Sales;Support","None",3.8,0.50,144000.00
8,250,410,124,94,0.23,"Support","CRM",4.0,0.54,210000.00
10,310,380,160,88,0.21,"Support;Tech","CRM;IVR",4.1,0.57,276000.00
12,370,355,196,82,0.19,"Support;Sales","CRM;WFM",4.2,0.59,342000.00
14,430,335,232,78,0.18,"Support;Tech","CRM;AI",4.3,0.61,408000.00
16,490,320,268,74,0.17,"Support;Sales;Tech","CRM;AI;CTI",4.3,0.62,474000.00
18,550,305,304,72,0.16,"Support;Tech","CRM;AI;WFM",4.4,0.63,540000.00
20,610,295,340,70,0.15,"Support;Sales","CRM;AI;WFM",4.4,0.64,606000.00
22,670,285,376,68,0.14,"Support;Tech","CRM;AI;WFM",4.5,0.65,672000.00
3,95,620,30,140,0.35,"Sales","None",3.5,0.40,45600.00
5,155,540,66,118,0.29,"Sales;Support","None",3.7,0.46,124800.00
7,215,480,102,102,0.25,"Support","CRM",3.9,0.51,183600.00
9,275,440,138,96,0.23,"Support;Tech","CRM;IVR",4.0,0.54,242400.00
11,335,410,174,90,0.21,"Support;Sales","CRM;WFM",4.1,0.56,301200.00
13,395,385,210,86,0.20,"Support;Tech","CRM;AI",4.2,0.58,360000.00
15,455,365,246,82,0.19,"Support;Sales;Tech","CRM;AI;CTI",4.3,0.60,418800.00
17,515,350,282,78,0.18,"Support;Tech","CRM;AI;WFM",4.3,0.61,477600.00
19,575,335,318,76,0.17,"Support;Sales","CRM;AI;WFM",4.4,0.62,536400.00
21,635,320,354,74,0.16,"Support;Tech","CRM;AI;WFM",4.4,0.63,595200.00
6,210,420,84,104,0.25,"Sales","None",3.8,0.48,168000.00
8,270,380,120,96,0.22,"Support;Sales","CRM",4.0,0.53,216000.00
10,330,350,156,90,0.20,"Support;Tech","CRM;IVR",4.1,0.56,264000.00
12,390,330,192,84,0.19,"Support;Sales","CRM;WFM",4.2,0.58,312000.00
14,450,315,228,80,0.18,"Support;Tech","CRM;AI",4.3,0.60,360000.00
16,510,300,264,76,0.17,"Support;Sales;Tech","CRM;AI;CTI",4.3,0.61,408000.00
18,570,290,300,74,0.16,"Support;Tech","CRM;AI;WFM",4.4,0.62,456000.00
20,630,280,336,72,0.15,"Support;Sales","CRM;AI;WFM",4.4,0.63,504000.00
22,690,270,372,70,0.14,"Support;Tech","CRM;AI;WFM",4.5,0.64,552000.00
24,750,260,408,68,0.13,"Support;Sales;Tech","CRM;AI;WFM",4.5,0.65,600000.00
6,240,360,90,85,0.20,"Support","CRM;IVR",4.0,0.60,86400.00
8,300,320,120,80,0.18,"Support;Sales","CRM;WFM",4.1,0.62,129600.00
10,360,300,150,75,0.17,"Support;Tech","CRM;AI",4.2,0.65,172800.00
12,420,280,180,70,0.16,"Support;Sales;Tech","CRM;AI;CTI",4.3,0.67,216000.00
14,480,260,210,68,0.15,"Support","CRM;WFM",4.3,0.68,259200.00
16,540,250,240,66,0.14,"Support;Tech","CRM;AI;WFM",4.4,0.69,302400.00
18,600,240,270,64,0.13,"Support;Sales","CRM;AI;WFM",4.4,0.70,345600.00
20,660,230,300,62,0.12,"Support;Tech","CRM;AI;WFM",4.5,0.71,388800.00
22,720,220,330,60,0.11,"Support;Sales;Tech","CRM;AI;WFM",4.5,0.72,432000.00
24,780,210,360,58,0.10,"Support","CRM;AI;WFM",4.6,0.73,475200.00
5,160,420,60,110,0.28,"Sales","None",3.7,0.46,57600.00
7,200,380,80,100,0.25,"Sales;Support","CRM",3.8,0.50,86400.00
9,240,350,100,95,0.23,"Support","CRM;Training",3.9,0.53,115200.00
11,280,330,120,90,0.21,"Support;Tech","CRM;IVR",4.0,0.55,144000.00
13,320,310,140,86,0.20,"Support;Sales","CRM;WFM",4.1,0.57,172800.00
15,360,295,160,82,0.19,"Support;Tech","CRM;AI",4.2,0.59,201600.00
17,400,285,180,80,0.18,"Support;Sales;Tech","CRM;AI;CTI",4.2,0.60,230400.00
19,440,275,200,78,0.17,"Support","CRM;AI;WFM",4.3,0.61,259200.00
21,480,265,220,76,0.16,"Support;Tech","CRM;AI;WFM",4.3,0.62,288000.00
23,520,255,240,74,0.15,"Support;Sales","CRM;AI;WFM",4.4,0.63,316800.00
4,120,480,45,120,0.30,"Sales","None",3.6,0.44,38400.00
6,180,420,75,105,0.26,"Sales;Support","None",3.8,0.49,86400.00
8,240,380,105,95,0.23,"Support","CRM",4.0,0.54,144000.00
10,300,350,135,88,0.21,"Support;Tech","CRM;IVR",4.1,0.57,216000.00
12,360,330,165,82,0.19,"Support;Sales","CRM;WFM",4.2,0.59,288000.00
14,420,310,195,78,0.18,"Support;Tech","CRM;AI",4.3,0.61,360000.00
16,480,295,225,75,0.17,"Support;Sales;Tech","CRM;AI;CTI",4.3,0.62,432000.00
18,540,285,255,72,0.16,"Support","CRM;AI;WFM",4.4,0.63,504000.00
20,600,275,285,70,0.15,"Support;Tech","CRM;AI;WFM",4.4,0.64,576000.00
22,660,265,315,68,0.14,"Support;Sales","CRM;AI;WFM",4.5,0.65,648000.00
3,90,600,30,140,0.35,"Sales","None",3.5,0.40,28800.00
5,150,520,60,115,0.28,"Sales;Support","None",3.7,0.47,72000.00
7,210,460,90,100,0.24,"Support","CRM",3.9,0.52,126000.00
9,270,420,120,92,0.22,"Support;Tech","CRM;IVR",4.0,0.55,162000.00
11,330,390,150,86,0.20,"Support;Sales","CRM;WFM",4.1,0.57,198000.00
13,390,360,180,80,0.19,"Support;Tech","CRM;AI",4.2,0.59,234000.00
15,450,340,210,76,0.18,"Support;Sales;Tech","CRM;AI;CTI",4.3,0.61,270000.00
17,510,320,240,72,0.17,"Support","CRM;AI;WFM",4.3,0.62,306000.00
19,570,305,270,70,0.16,"Support;Tech","CRM;AI;WFM",4.4,0.63,342000.00
21,630,295,300,68,0.15,"Support;Sales","CRM;AI;WFM",4.4,0.64,378000.00
6,200,410,80,108,0.25,"Sales","None",3.8,0.48,96000.00
8,260,370,110,98,0.22,"Support;Sales","CRM",4.0,0.53,156000.00
10,320,340,140,90,0.20,"Support;Tech","CRM;IVR",4.1,0.56,208000.00
12,380,320,170,84,0.19,"Support;Sales","CRM;WFM",4.2,0.58,260000.00
14,440,305,200,80,0.18,"Support;Tech","CRM;AI",4.3,0.60,312000.00
16,500,290,230,76,0.17,"Support;Sales;Tech","CRM;AI;CTI",4.3,0.61,364000.00
18,560,280,260,74,0.16,"Support","CRM;AI;WFM",4.4,0.62,416000.00
20,620,270,290,72,0.15,"Support;Tech","CRM;AI;WFM",4.4,0.63,468000.00
22,680,260,320,70,0.14,"Support;Sales","CRM;AI;WFM",4.5,0.64,520000.00
24,740,250,350,68,0.13,"Support;Tech","CRM;AI;WFM",4.5,0.65,572000.00
4,140,500,50,118,0.29,"Sales","None",3.6,0.45,56000.00
6,210,440,85,102,0.24,"Sales;Support","None",3.8,0.50,126000.00
8,280,400,120,94,0.21,"Support","CRM",4.0,0.54,192000.00
10,350,370,155,88,0.19,"Support;Tech","CRM;IVR",4.1,0.57,260000.00
12,420,350,190,82,0.18,"Support;Sales","CRM;WFM",4.2,0.59,328000.00
14,490,330,225,78,0.17,"Support;Tech","CRM;AI",4.3,0.61,396000.00
16,560,315,260,74,0.16,"Support;Sales;Tech","CRM;AI;CTI",4.3,0.62,464000.00
18,630,300,295,72,0.15,"Support","CRM;AI;WFM",4.4,0.63,532000.00
20,700,290,330,70,0.14,"Support;Tech","CRM;AI;WFM",4.4,0.64,600000.00
22,770,280,365,68,0.13,"Support;Sales","CRM;AI;WFM",4.5,0.65,668000.00
5,175,470,65,112,0.27,"Sales","None",3.7,0.46,87500.00
7,245,430,100,100,0.23,"Sales;Support","CRM",3.9,0.51,171500.00
9,315,390,135,92,0.21,"Support","CRM;Training",4.0,0.54,257000.00
11,385,360,170,86,0.19,"Support;Tech","CRM;IVR",4.1,0.56,343000.00
13,455,340,205,80,0.18,"Support;Sales","CRM;WFM",4.2,0.58,429000.00
15,525,320,240,76,0.17,"Support;Tech","CRM;AI",4.3,0.60,515000.00
17,595,305,275,74,0.16,"Support;Sales;Tech","CRM;AI;CTI",4.3,0.61,601000.00
19,665,295,310,72,0.15,"Support","CRM;AI;WFM",4.4,0.62,687000.00
21,735,285,345,70,0.14,"Support;Tech","CRM;AI;WFM",4.4,0.63,773000.00
23,805,275,380,68,0.13,"Support;Sales","CRM;AI;WFM",4.5,0.64,859000.00
6,240,360,90,86,0.20,"Support","CRM;IVR",4.0,0.60,86400.00
8,320,320,120,80,0.18,"Support;Sales","CRM;WFM",4.1,0.62,153600.00
10,400,300,150,75,0.17,"Support;Tech","CRM;AI",4.2,0.65,240000.00
12,480,280,180,70,0.16,"Support;Sales;Tech","CRM;AI;CTI",4.3,0.67,326400.00
14,560,260,210,68,0.15,"Support","CRM;WFM",4.3,0.68,412800.00
16,640,250,240,66,0.14,"Support;Tech","CRM;AI;WFM",4.4,0.69,499200.00
18,720,240,270,64,0.13,"Support;Sales","CRM;AI;WFM",4.4,0.70,585600.00
20,800,230,300,62,0.12,"Support;Tech","CRM;AI;WFM",4.5,0.71,672000.00
22,880,220,330,60,0.11,"Support;Sales;Tech","CRM;AI;WFM",4.5,0.72,758400.00
24,960,210,360,58,0.10,"Support","CRM;AI;WFM",4.6,0.73,844800.00
5,150,500,60,115,0.26,"Sales","None",3.7,0.48,75000.00
7,210,440,100,102,0.23,"Sales;Support","CRM",3.9,0.52,157500.00
9,270,400,140,94,0.21,"Support","CRM;Training",4.0,0.55,240000.00
11,330,370,180,88,0.19,"Support;Tech","CRM;IVR",4.1,0.57,322500.00
13,390,350,220,82,0.18,"Support;Sales","CRM;WFM",4.2,0.59,405000.00
15,450,330,260,78,0.17,"Support;Tech","CRM;AI",4.3,0.61,487500.00
17,510,315,300,74,0.16,"Support;Sales;Tech","CRM;AI;CTI",4.3,0.62,570000.00
19,570,300,340,72,0.15,"Support","CRM;AI;WFM",4.4,0.63,652500.00
21,630,290,380,70,0.14,"Support;Tech","CRM;AI;WFM",4.4,0.64,735000.00
23,690,280,420,68,0.13,"Support;Sales","CRM;AI;WFM",4.5,0.65,817500.00
6,220,350,92,86,0.21,"Support;Sales","CRM;IVR",4.1,0.65,138240.00
8,280,320,118,80,0.19,"Support;Tech","CRM;WFM",4.2,0.67,184320.00
10,340,300,145,76,0.18,"Support;Sales","CRM;AI",4.3,0.69,230400.00
12,400,285,172,72,0.17,"Support;Tech","CRM;AI;CTI",4.3,0.70,276480.00
14,460,270,199,70,0.16,"Support;Sales;Tech","CRM;AI;WFM",4.4,0.71,322560.00
16,520,260,226,68,0.15,"Support;Tech","CRM;WFM",4.4,0.72,368640.00
18,580,250,253,66,0.14,"Support;Sales","CRM;Training",4.4,0.73,414720.00
20,640,240,280,64,0.13,"Support;Tech","CRM;AI",4.5,0.74,460800.00
22,700,235,307,62,0.12,"Support;Sales;Tech","CRM;AI;WFM",4.5,0.75,506880.00
24,760,230,334,60,0.12,"Support;Tech","CRM;AI;CTI",4.6,0.76,552960.00
5,150,480,48,112,0.28,"Sales","None",3.6,0.44,67200.00
7,210,420,84,100,0.24,"Sales;Support","CRM",3.8,0.50,134400.00
9,270,380,120,92,0.22,"Support","CRM;Training",4.0,0.54,201600.00
11,330,350,156,88,0.20,"Support;Tech","CRM;IVR",4.1,0.56,268800.00
13,390,330,192,84,0.19,"Support;Sales","CRM;WFM",4.2,0.58,336000.00
15,450,315,228,80,0.18,"Support;Tech","CRM;AI",4.3,0.60,403200.00
17,510,300,264,78,0.17,"Support;Sales;Tech","CRM;AI;CTI",4.3,0.61,470400.00
19,570,285,300,76,0.16,"Support;Tech","CRM;AI;WFM",4.4,0.62,537600.00
21,630,275,336,74,0.15,"Support;Sales","CRM;AI;WFM",4.4,0.63,604800.00
23,690,265,372,72,0.14,"Support;Tech","CRM;AI;WFM",4.5,0.64,672000.00
4,110,540,36,125,0.31,"Sales","None",3.5,0.42,52800.00
6,170,480,72,110,0.27,"Sales;Support","None",3.7,0.47,105600.00
8,230,430,108,100,0.24,"Support","CRM",3.9,0.52,158400.00
10,290,390,144,92,0.22,"Support;Tech","CRM;IVR",4.0,0.55,211200.00
12,350,360,180,86,0.20,"Support;Sales","CRM;WFM",4.1,0.57,264000.00
14,410,340,216,82,0.19,"Support;Tech","CRM;AI",4.2,0.59,316800.00
16,470,325,252,78,0.18,"Support;Sales;Tech","CRM;AI;CTI",4.3,0.60,369600.00
18,530,310,288,75,0.17,"Support;Tech","CRM;AI;WFM",4.3,0.61,422400.00
20,590,300,324,72,0.16,"Support;Sales","CRM;AI;WFM",4.4,0.62,475200.00
22,650,290,360,70,0.15,"Support;Tech","CRM;AI;WFM",4.4,0.63,528000.00
3,85,620,28,138,0.36,"Sales","None",3.4,0.39,40800.00
5,145,540,64,118,0.29,"Sales;Support","None",3.7,0.46,116000.00
7,205,480,100,102,0.25,"Support","CRM",3.9,0.51,174000.00
9,265,440,136,96,0.23,"Support;Tech","CRM;IVR",4.0,0.54,232000.00
11,325,410,172,90,0.21,"Support;Sales","CRM;WFM",4.1,0.56,290000.00
13,385,385,208,86,0.20,"Support;Tech","CRM;AI",4.2,0.58,348000.00
15,445,365,244,82,0.19,"Support;Sales;Tech","CRM;AI;CTI",4.3,0.60,406000.00
17,505,350,280,78,0.18,"Support;Tech","CRM;AI;WFM",4.3,0.61,464000.00
19,565,335,316,76,0.17,"Support;Sales","CRM;AI;WFM",4.4,0.62,522000.00
21,625,320,352,74,0.16,"Support;Tech","CRM;AI;WFM",4.4,0.63,580000.00
6,200,430,84,106,0.25,"Sales","None",3.8,0.48,96000.00
8,260,390,120,96,0.22,"Support;Sales","CRM",4.0,0.53,156000.00
10,320,360,156,90,0.20,"Support;Tech","CRM;IVR",4.1,0.56,208000.00
12,380,340,192,84,0.19,"Support;Sales","CRM;WFM",4.2,0.58,260000.00
14,440,325,228,80,0.18,"Support;Tech","CRM;AI",4.3,0.60,312000.00
16,500,310,264,76,0.17,"Support;Sales;Tech","CRM;AI;CTI",4.3,0.61,364000.00
18,560,295,300,74,0.16,"Support;Tech","CRM;AI;WFM",4.4,0.62,416000.00
20,620,285,336,72,0.15,"Support;Sales","CRM;AI;WFM",4.4,0.63,468000.00
22,680,275,372,70,0.14,"Support;Tech","CRM;AI;WFM",4.5,0.64,520000.00
24,740,265,408,68,0.13,"Support;Sales;Tech","CRM;AI;WFM",4.5,0.65,572000.00
4,130,500,52,116,0.30,"Sales","None",3.6,0.45,78000.00
6,190,450,88,102,0.26,"Sales;Support","None",3.8,0.50,144000.00
8,250,410,124,94,0.23,"Support","CRM",4.0,0.54,210000.00
10,310,380,160,88,0.21,"Support;Tech","CRM;IVR",4.1,0.57,276000.00
12,370,355,196,82,0.19,"Support;Sales","CRM;WFM",4.2,0.59,342000.00
14,430,335,232,78,0.18,"Support;Tech","CRM;AI",4.3,0.61,408000.00
16,490,320,268,74,0.17,"Support;Sales;Tech","CRM;AI;CTI",4.3,0.62,474000.00
18,550,305,304,72,0.16,"Support;Tech","CRM;AI;WFM",4.4,0.63,540000.00
20,610,295,340,70,0.15,"Support;Sales","CRM;AI;WFM",4.4,0.64,606000.00
22,670,285,376,68,0.14,"Support;Tech","CRM;AI;WFM",4.5,0.65,672000.00
3,95,620,30,140,0.35,"Sales","None",3.5,0.40,45600.00
5,155,540,66,118,0.29,"Sales;Support","None",3.7,0.46,124800.00
7,215,480,102,102,0.25,"Support","CRM",3.9,0.51,183600.00
9,275,440,138,96,0.23,"Support;Tech","CRM;IVR",4.0,0.54,242400.00
11,335,410,174,90,0.21,"Support;Sales","CRM;WFM",4.1,0.56,301200.00
13,395,385,210,86,0.20,"Support;Tech","CRM;AI",4.2,0.58,360000.00
15,455,365,246,82,0.19,"Support;Sales;Tech","CRM;AI;CTI",4.3,0.60,418800.00
17,515,350,282,78,0.18,"Support;Tech","CRM;AI;WFM",4.3,0.61,477600.00
19,575,335,318,76,0.17,"Support;Sales","CRM;AI;WFM",4.4,0.62,536400.00
21,635,320,354,74,0.16,"Support;Tech","CRM;AI;WFM",4.4,0.63,595200.00
6,210,420,84,104,0.25,"Sales","None",3.8,0.48,168000.00
8,270,380,120,96,0.22,"Support;Sales","CRM",4.0,0.53,216000.00
10,330,350,156,90,0.20,"Support;Tech","CRM;IVR",4.1,0.56,264000.00
12,390,330,192,84,0.19,"Support;Sales","CRM;WFM",4.2,0.58,312000.00
14,450,315,228,80,0.18,"Support;Tech","CRM;AI",4.3,0.60,360000.00
16,510,300,264,76,0.17,"Support;Sales;Tech","CRM;AI;CTI",4.3,0.61,408000.00
18,570,290,300,74,0.16,"Support;Tech","CRM;AI;WFM",4.4,0.62,456000.00
20,630,280,336,72,0.15,"Support;Sales","CRM;AI;WFM",4.4,0.63,504000.00
22,690,270,372,70,0.14,"Support;Tech","CRM;AI;WFM",4.5,0.64,552000.00
24,750,260,408,68,0.13,"Support;Sales;Tech","CRM;AI;WFM",4.5,0.65,600000.00
6,230,360,92,86,0.21,"Support;Sales","CRM;IVR",4.1,0.65,138240.00
8,290,320,118,80,0.19,"Support;Tech","CRM;WFM",4.2,0.67,184320.00
10,350,300,145,76,0.18,"Support;Sales","CRM;AI",4.3,0.69,230400.00
12,410,285,172,72,0.17,"Support;Tech","CRM;AI;CTI",4.3,0.70,276480.00
14,470,270,199,70,0.16,"Support;Sales;Tech","CRM;AI;WFM",4.4,0.71,322560.00
16,530,260,226,68,0.15,"Support;Tech","CRM;WFM",4.4,0.72,368640.00
18,590,250,253,66,0.14,"Support;Sales","CRM;Training",4.4,0.73,414720.00
20,650,240,280,64,0.13,"Support;Tech","CRM;AI",4.5,0.74,460800.00
22,710,235,307,62,0.12,"Support;Sales;Tech","CRM;AI;WFM",4.5,0.75,506880.00
24,770,230,334,60,0.12,"Support;Tech","CRM;AI;CTI",4.6,0.76,552960.00
5,150,480,48,112,0.28,"Sales","None",3.6,0.44,67200.00
7,210,420,84,100,0.24,"Sales;Support","CRM",3.8,0.50,134400.00
9,270,380,120,92,0.22,"Support","CRM;Training",4.0,0.54,201600.00
11,330,350,156,88,0.20,"Support;Tech","CRM;IVR",4.1,0.56,268800.00
13,390,330,192,84,0.19,"Support;Sales","CRM;WFM",4.2,0.58,336000.00
15,450,315,228,80,0.18,"Support;Tech","CRM;AI",4.3,0.60,403200.00
17,510,300,264,78,0.17,"Support;Sales;Tech","CRM;AI;CTI",4.3,0.61,470400.00
19,570,285,300,76,0.16,"Support;Tech","CRM;AI;WFM",4.4,0.62,537600.00
21,630,275,336,74,0.15,"Support;Sales","CRM;AI;WFM",4.4,0.63,604800.00
23,690,265,372,72,0.14,"Support;Tech","CRM;AI;WFM",4.5,0.64,672000.00
4,110,540,36,125,0.31,"Sales","None",3.5,0.42,52800.00
6,170,480,72,110,0.27,"Sales;Support","None",3.7,0.47,105600.00
8,230,430,108,100,0.24,"Support","CRM",3.9,0.52,158400.00
10,290,390,144,92,0.22,"Support;Tech","CRM;IVR",4.0,0.55,211200.00
12,350,360,180,86,0.20,"Support;Sales","CRM;WFM",4.1,0.57,264000.00
14,410,340,216,82,0.19,"Support;Tech","CRM;AI",4.2,0.59,316800.00
16,470,325,252,78,0.18,"Support;Sales;Tech","CRM;AI;CTI",4.3,0.60,369600.00
18,530,310,288,75,0.17,"Support;Tech","CRM;AI;WFM",4.3,0.61,422400.00
20,590,300,324,72,0.16,"Support;Sales","CRM;AI;WFM",4.4,0.62,475200.00
22,650,290,360,70,0.15,"Support;Tech","CRM;AI;WFM",4.4,0.63,528000.00
3,85,620,28,138,0.36,"Sales","None",3.4,0.39,40800.00
5,145,540,64,118,0.29,"Sales;Support","None",3.7,0.46,116000.00
7,205,480,100,102,0.25,"Support","CRM",3.9,0.51,174000.00
9,265,440,136,96,0.23,"Support;Tech","CRM;IVR",4.0,0.54,232000.00
11,325,410,172,90,0.21,"Support;Sales","CRM;WFM",4.1,0.56,290000.00
13,385,385,208,86,0.20,"Support;Tech","CRM;AI",4.2,0.58,348000.00
15,445,365,244,82,0.19,"Support;Sales;Tech","CRM;AI;CTI",4.3,0.60,406000.00
17,505,350,280,78,0.18,"Support;Tech","CRM;AI;WFM",4.3,0.61,464000.00
19,565,335,316,76,0.17,"Support;Sales","CRM;AI;WFM",4.4,0.62,522000.00
21,625,320,352,74,0.16,"Support;Tech","CRM;AI;WFM",4.4,0.63,580000.00
6,200,430,84,106,0.25,"Sales","None",3.8,0.48,96000.00
8,260,390,120,96,0.22,"Support;Sales","CRM",4.0,0.53,156000.00
10,320,360,156,90,0.20,"Support;Tech","CRM;IVR",4.1,0.56,208000.00
12,380,340,192,84,0.19,"Support;Sales","CRM;WFM",4.2,0.58,260000.00
14,440,325,228,80,0.18,"Support;Tech","CRM;AI",4.3,0.60,312000.00
16,500,310,264,76,0.17,"Support;Sales;Tech","CRM;AI;CTI",4.3,0.61,364000.00
18,560,295,300,74,0.16,"Support;Tech","CRM;AI;WFM",4.4,0.62,416000.00
20,620,285,336,72,0.15,"Support;Sales","CRM;AI;WFM",4.4,0.63,468000.00
22,680,275,372,70,0.14,"Support;Tech","CRM;AI;WFM",4.5,0.64,520000.00
24,740,265,408,68,0.13,"Support;Sales;Tech","CRM;AI;WFM",4.5,0.65,572000.00
4,130,500,52,116,0.30,"Sales","None",3.6,0.45,78000.00
6,190,450,88,102,0.26,"Sales;Support","None",3.8,0.50,144000.00
8,250,410,124,94,0.23,"Support","CRM",4.0,0.54,210000.00
10,310,380,160,88,0.21,"Support;Tech","CRM;IVR",4.1,0.57,276000.00
12,370,355,196,82,0.19,"Support;Sales","CRM;WFM",4.2,0.59,342000.00
14,430,335,232,78,0.18,"Support;Tech","CRM;AI",4.3,0.61,408000.00
16,490,320,268,74,0.17,"Support;Sales;Tech","CRM;AI;CTI",4.3,0.62,474000.00
18,550,305,304,72,0.16,"Support;Tech","CRM;AI;WFM",4.4,0.63,540000.00
20,610,295,340,70,0.15,"Support;Sales","CRM;AI;WFM",4.4,0.64,606000.00
22,670,285,376,68,0.14,"Support;Tech","CRM;AI;WFM",4.5,0.65,672000.00
3,95,620,30,140,0.35,"Sales","None",3.5,0.40,45600.00
5,155,540,66,118,0.29,"Sales;Support","None",3.7,0.46,124800.00
7,215,480,102,102,0.25,"Support","CRM",3.9,0.51,183600.00
9,275,440,138,96,0.23,"Support;Tech","CRM;IVR",4.0,0.54,242400.00
11,335,410,174,90,0.21,"Support;Sales","CRM;WFM",4.1,0.56,301200.00
13,395,385,210,86,0.20,"Support;Tech","CRM;AI",4.2,0.58,360000.00
15,455,365,246,82,0.19,"Support;Sales;Tech","CRM;AI;CTI",4.3,0.60,418800.00
17,515,350,282,78,0.18,"Support;Tech","CRM;AI;WFM",4.3,0.61,477600.00
19,575,335,318,76,0.17,"Support;Sales","CRM;AI;WFM",4.4,0.62,536400.00
21,635,320,354,74,0.16,"Support;Tech","CRM;AI;WFM",4.4,0.63,595200.00
6,210,420,84,104,0.25,"Sales","None",3.8,0.48,168000.00
8,270,380,120,96,0.22,"Support;Sales","CRM",4.0,0.53,216000.00
10,330,350,156,90,0.20,"Support;Tech","CRM;IVR",4.1,0.56,264000.00
12,390,330,192,84,0.19,"Support;Sales","CRM;WFM",4.2,0.58,312000.00
14,450,315,228,80,0.18,"Support;Tech","CRM;AI",4.3,0.60,360000.00
16,510,300,264,76,0.17,"Support;Sales;Tech","CRM;AI;CTI",4.3,0.61,408000.00
18,570,290,300,74,0.16,"Support;Tech","CRM;AI;WFM",4.4,0.62,456000.00
20,630,280,336,72,0.15,"Support;Sales","CRM;AI;WFM",4.4,0.63,504000.00
22,690,270,372,70,0.14,"Support;Tech","CRM;AI;WFM",4.5,0.64,552000.00
24,750,260,408,68,0.13,"Support;Sales;Tech","CRM;AI;WFM",4.5,0.65,600000.00
5,170,470,68,112,0.27,"Sales","None",3.7,0.46,136000.00
7,230,430,104,100,0.24,"Sales;Support","CRM",3.9,0.51,184000.00
9,290,390,140,92,0.22,"Support","CRM;Training",4.0,0.54,232000.00
11,350,360,176,86,0.20,"Support;Tech","CRM;IVR",4.1,0.56,280000.00
13,410,340,212,82,0.19,"Support;Sales","CRM;WFM",4.2,0.58,328000.00
15,470,320,248,78,0.18,"Support;Tech","CRM;AI",4.3,0.60,376000.00
17,530,305,284,74,0.17,"Support;Sales;Tech","CRM;AI;CTI",4.3,0.61,424000.00
19,590,295,320,72,0.16,"Support;Tech","CRM;AI;WFM",4.4,0.62,472000.00
21,650,285,356,70,0.15,"Support;Sales","CRM;AI;WFM",4.4,0.63,520000.00
23,710,275,392,68,0.14,"Support;Tech","CRM;AI;WFM",4.5,0.64,568000.00
6,240,360,90,86,0.20,"Support","CRM;IVR",4.0,0.60,86400.00
8,320,320,120,80,0.18,"Support;Sales","CRM;WFM",4.1,0.62,153600.00
10,400,300,150,75,0.17,"Support;Tech","CRM;AI",4.2,0.65,240000.00
12,480,280,180,70,0.16,"Support;Sales;Tech","CRM;AI;CTI",4.3,0.67,326400.00
14,560,260,210,68,0.15,"Support","CRM;WFM",4.3,0.68,412800.00
16,640,250,240,66,0.14,"Support;Tech","CRM;AI;WFM",4.4,0.69,499200.00
18,720,240,270,64,0.13,"Support;Sales","CRM;AI;WFM",4.4,0.70,585600.00
20,800,230,300,62,0.12,"Support;Tech","CRM;AI;WFM",4.5,0.71,672000.00
22,880,220,330,60,0.11,"Support;Sales;Tech","CRM;AI;WFM",4.5,0.72,758400.00
24,960,210,360,58,0.10,"Support","CRM;AI;WFM",4.6,0.73,844800.00
5,150,500,60,115,0.26,"Sales","None",3.7,0.48,75000.00
7,210,440,100,102,0.23,"Sales;Support","CRM",3.9,0.52,157500.00
9,270,400,140,94,0.21,"Support","CRM;Training",4.0,0.55,240000.00
11,330,370,180,88,0.19,"Support;Tech","CRM;IVR",4.1,0.57,322500.00
13,390,350,220,82,0.18,"Support;Sales","CRM;WFM",4.2,0.59,405000.00
15,450,330,260,78,0.17,"Support;Tech","CRM;AI",4.3,0.61,487500.00
17,510,315,300,74,0.16,"Support;Sales;Tech","CRM;AI;CTI",4.3,0.62,570000.00
19,570,300,340,72,0.15,"Support","CRM;AI;WFM",4.4,0.63,652500.00
21,630,290,380,70,0.14,"Support;Tech","CRM;AI;WFM",4.4,0.64,735000.00
23,690,280,420,68,0.13,"Support;Sales","CRM;AI;WFM",4.5,0.65,817500.00
1,120,480,50,120,0.30,"Sales","None",3.6,0.45,57600.00
2,135,460,55,118,0.29,"Sales;Support","None",3.7,0.46,64800.00
3,150,440,60,116,0.28,"Support","None",3.8,0.47,72000.00
4,165,420,65,114,0.27,"Support;Tech","CRM",3.9,0.48,79200.00
5,180,400,70,112,0.26,"Support;Sales","CRM;IVR",4.0,0.49,86400.00
6,195,380,75,110,0.25,"Tech","CRM;WFM",4.0,0.50,93600.00
7,210,360,80,108,0.24,"Support;Tech","CRM;AI",4.1,0.51,100800.00
8,225,340,85,106,0.23,"Support;Sales","CRM;AI;WFM",4.1,0.52,108000.00
9,240,320,90,104,0.22,"Sales","CRM;Training",4.2,0.53,115200.00
10,255,300,95,102,0.21,"Support;Tech","CRM;CTI",4.2,0.54,122400.00
11,270,290,100,100,0.20,"Support;Sales;Tech","CRM;AI;WFM",4.3,0.55,129600.00
12,285,280,105,98,0.19,"Support","CRM;IVR",4.3,0.56,136800.00
13,300,270,110,96,0.18,"Tech","CRM;AI;CTI",4.4,0.57,144000.00
14,315,260,115,94,0.17,"Support;Sales","CRM;WFM",4.4,0.58,151200.00
15,330,250,120,92,0.16,"Support;Tech","CRM;AI",4.5,0.59,158400.00
16,345,240,125,90,0.15,"Sales","None",4.5,0.60,165600.00
17,360,230,130,88,0.14,"Support;Sales","CRM;Training",4.6,0.61,172800.00
18,375,220,135,86,0.13,"Support;Tech","CRM;AI;WFM",4.6,0.62,180000.00
19,390,210,140,84,0.12,"Tech","CRM;CTI",4.7,0.63,187200.00
20,405,200,145,82,0.11,"Support;Sales;Tech","CRM;AI;WFM",4.7,0.64,194400.00
21,420,195,150,80,0.11,"Support","CRM;IVR",4.7,0.65,201600.00
22,435,190,155,78,0.10,"Sales;Support","CRM;WFM",4.8,0.66,208800.00
23,450,185,160,76,0.10,"Tech;Support","CRM;AI",4.8,0.67,216000.00
24,465,180,165,74,0.09,"Support;Sales","CRM;AI;CTI",4.8,0.68,223200.00
25,480,175,170,72,0.09,"Support;Tech","CRM;AI;WFM",4.9,0.69,230400.00
26,495,170,175,70,0.08,"Sales","None",4.9,0.70,237600.00
27,510,165,180,68,0.08,"Support;Sales","CRM;Training",4.9,0.71,244800.00
28,525,160,185,66,0.07,"Support;Tech","CRM;AI",5.0,0.72,252000.00
29,540,155,190,64,0.07,"Tech","CRM;CTI",5.0,0.73,259200.00
30,555,150,195,62,0.07,"Support;Sales;Tech","CRM;AI;WFM",5.0,0.74,266400.00
31,570,148,200,60,0.06,"Support","CRM;IVR",5.0,0.75,273600.00
32,585,146,205,58,0.06,"Sales;Support","CRM;WFM",5.0,0.76,280800.00
33,600,144,210,56,0.06,"Tech;Support","CRM;AI",5.0,0.77,288000.00
34,615,142,215,54,0.05,"Support;Sales","CRM;AI;CTI",5.0,0.78,295200.00
35,630,140,220,52,0.05,"Support;Tech","CRM;AI;WFM",5.0,0.79,302400.00
36,645,138,225,50,0.05,"Sales","None",5.0,0.80,309600.00
37,660,136,230,48,0.05,"Support;Sales","CRM;Training",5.0,0.81,316800.00
38,675,134,235,46,0.04,"Support;Tech","CRM;AI",5.0,0.82,324000.00
39,690,132,240,44,0.04,"Tech","CRM;CTI",5.0,0.83,331200.00
40,705,130,245,42,0.04,"Support;Sales;Tech","CRM;AI;WFM",5.0,0.84,338400.00
41,720,128,250,40,0.04,"Support","CRM;IVR",5.0,0.85,345600.00
42,735,126,255,39,0.04,"Sales;Support","CRM;WFM",5.0,0.86,352800.00
43,750,124,260,38,0.03,"Tech;Support","CRM;AI",5.0,0.87,360000.00
44,765,122,265,37,0.03,"Support;Sales","CRM;AI;CTI",5.0,0.88,367200.00
45,780,120,270,36,0.03,"Support;Tech","CRM;AI;WFM",5.0,0.89,374400.00
46,795,118,275,35,0.03,"Sales","None",5.0,0.90,381600.00
47,810,116,280,34,0.03,"Support;Sales","CRM;Training",5.0,0.91,388800.00
48,825,114,285,33,0.03,"Support;Tech","CRM;AI",5.0,0.92,396000.00
49,840,112,290,32,0.02,"Tech","CRM;CTI",5.0,0.93,403200.00
50,855,110,295,31,0.02,"Support;Sales;Tech","CRM;AI;WFM",5.0,0.94,410400.00
51,870,108,300,30,0.02,"Support","CRM;IVR",5.0,0.95,417600.00
52,885,106,305,30,0.02,"Sales;Support","CRM;WFM",5.0,0.96,424800.00
53,900,104,310,30,0.02,"Tech;Support","CRM;AI",5.0,0.97,432000.00
54,915,102,315,30,0.02,"Support;Sales","CRM;AI;CTI",5.0,0.98,439200.00
55,930,100,320,30,0.02,"Support;Tech","CRM;AI;WFM",5.0,0.99,446400.00
56,945,98,325,30,0.02,"Sales","None",5.0,1.00,453600.00
57,960,96,330,30,0.02,"Support;Sales","CRM;Training",5.0,1.00,460800.00
58,975,94,335,30,0.02,"Support;Tech","CRM;AI",5.0,1.00,468000.00
59,990,92,340,30,0.02,"Tech","CRM;CTI",5.0,1.00,475200.00
60,1005,90,345,30,0.02,"Support;Sales;Tech","CRM;AI;WFM",5.0,1.00,482400.00
61,1020,88,350,30,0.02,"Support","CRM;IVR",5.0,1.00,489600.00
62,1035,86,355,30,0.02,"Sales;Support","CRM;WFM",5.0,1.00,496800.00
63,1050,84,360,30,0.02,"Tech;Support","CRM;AI",5.0,1.00,504000.00
64,1065,82,365,30,0.02,"Support;Sales","CRM;AI;CTI",5.0,1.00,511200.00
65,1080,80,370,30,0.02,"Support;Tech","CRM;AI;WFM",5.0,1.00,518400.00
66,1095,78,375,30,0.02,"Sales","None",5.0,1.00,525600.00
67,1110,76,380,30,0.02,"Support;Sales","CRM;Training",5.0,1.00,532800.00
68,1125,74,385,30,0.02,"Support;Tech","CRM;AI",5.0,1.00,540000.00
69,1140,72,390,30,0.02,"Tech","CRM;CTI",5.0,1.00,547200.00
70,1155,70,395,30,0.02,"Support;Sales;Tech","CRM;AI;WFM",5.0,1.00,554400.00
71,1170,68,400,30,0.02,"Support","CRM;IVR",5.0,1.00,561600.00
72,1185,66,405,30,0.02,"Sales;Support","CRM;WFM",5.0,1.00,568800.00
73,1200,64,410,30,0.02,"Tech;Support","CRM;AI",5.0,1.00,576000.00
74,1215,62,415,30,0.02,"Support;Sales","CRM;AI;CTI",5.0,1.00,583200.00
75,1230,60,420,30,0.02,"Support;Tech","CRM;AI;WFM",5.0,1.00,590400.00
76,1245,58,425,30,0.02,"Sales","None",5.0,1.00,597600.00
77,1260,56,430,30,0.02,"Support;Sales","CRM;Training",5.0,1.00,604800.00
78,1275,54,435,30,0.02,"Support;Tech","CRM;AI",5.0,1.00,612000.00
79,1290,52,440,30,0.02,"Tech","CRM;CTI",5.0,1.00,619200.00
80,1305,50,445,30,0.02,"Support;Sales;Tech","CRM;AI;WFM",5.0,1.00,626400.00
81,1320,48,450,30,0.02,"Support","CRM;IVR",5.0,1.00,633600.00
82,1335,46,455,30,0.02,"Sales;Support","CRM;WFM",5.0,1.00,640800.00
83,1350,44,460,30,0.02,"Tech;Support","CRM;AI",5.0,1.00,648000.00
84,1365,42,465,30,0.02,"Support;Sales","CRM;AI;CTI",5.0,1.00,655200.00
85,1380,40,470,30,0.02,"Support;Tech","CRM;AI;WFM",5.0,1.00,662400.00
86,1395,38,475,30,0.02,"Sales","None",5.0,1.00,669600.00
87,1410,36,480,30,0.02,"Support;Sales","CRM;Training",5.0,1.00,676800.00
88,1425,34,485,30,0.02,"Support;Tech","CRM;AI",5.0,1.00,684000.00
89,1440,32,490,30,0.02,"Tech","CRM;CTI",5.0,1.00,691200.00
90,1455,30,495,30,0.02,"Support;Sales;Tech","CRM;AI;WFM",5.0,1.00,698400.00
91,1470,28,500,30,0.02,"Support","CRM;IVR",5.0,1.00,705600.00
92,1485,26,505,30,0.02,"Sales;Support","CRM;WFM",5.0,1.00,712800.00
93,1500,24,510,30,0.02,"Tech;Support","CRM;AI",5.0,1.00,720000.00
94,1515,22,515,30,0.02,"Support;Sales","CRM;AI;CTI",5.0,1.00,727200.00
95,1530,20,520,30,0.02,"Support;Tech","CRM;AI;WFM",5.0,1.00,734400.00
96,1545,18,525,30,0.02,"Sales","None",5.0,1.00,741600.00
97,1560,16,530,30,0.02,"Support;Sales","CRM;Training",5.0,1.00,748800.00
98,1575,14,535,30,0.02,"Support;Tech","CRM;AI",5.0,1.00,756000.00
99,1590,12,540,30,0.02,"Tech","CRM;CTI",5.0,1.00,763200.00
100,1605,10,545,30,0.02,"Support;Sales;Tech","CRM;AI;WFM",5.0,1.00,770400.00